"","X","trial","start_time","end_time","label","duration","subject"
"2",2,1,12568999,12569141,"fixation",142,11
"5",5,1,12569215,12569453,"fixation",238,11
"8",8,1,12569507,12569659,"fixation",152,11
"11",11,1,12569720,12569889,"fixation",169,11
"14",14,1,12569968,12570125,"fixation",157,11
"17",17,1,12570198,12570402,"fixation",204,11
"20",20,1,12570478,12570681,"fixation",203,11
"22",22,2,12419411,12419579,"fixation",168,11
"25",25,2,12419649,12420169,"fixation",520,11
"28",28,2,12420204,12420302,"fixation",98,11
"30",30,2,12420342,12420567,"fixation",225,11
"33",33,2,12420631,12421005,"fixation",374,11
"36",36,2,12421079,12421276,"fixation",197,11
"39",39,2,12421330,12421375,"fixation",45,11
"40",40,2,12421376,12421391,"fixation",15,11
"42",42,2,12421528,12421572,"fixation",44,11
"45",45,2,12421627,12421785,"fixation",158,11
"48",48,2,12421845,12422007,"fixation",162,11
"51",51,2,12422089,12422522,"fixation",433,11
"54",54,2,12422596,12422782,"fixation",186,11
"57",57,2,12422844,12423030,"fixation",186,11
"60",60,2,12423103,12423366,"fixation",263,11
"62",62,2,12423393,12423494,"fixation",101,11
"64",64,3,12535028,12535207,"fixation",179,11
"67",67,3,12535306,12535587,"fixation",281,11
"70",70,3,12535654,12535883,"fixation",229,11
"73",73,3,12535955,12536189,"fixation",234,11
"76",76,3,12536247,12536278,"fixation",31,11
"79",79,3,12536371,12536506,"fixation",135,11
"82",82,3,12536539,12537067,"fixation",528,11
"85",85,3,12537141,12537197,"fixation",56,11
"86",86,4,12600377,12600671,"fixation",294,11
"89",89,4,12600924,12601021,"fixation",97,11
"92",92,4,12601068,12601249,"fixation",181,11
"95",95,4,12601331,12601421,"fixation",90,11
"98",98,4,12601478,12601634,"fixation",156,11
"101",101,4,12601708,12601781,"fixation",73,11
"105",105,4,12602052,12602192,"fixation",140,11
"109",109,4,12602411,12602673,"fixation",262,11
"112",112,4,12602743,12602868,"fixation",125,11
"115",115,4,12602940,12603142,"fixation",202,11
"118",118,5,12459939,12460141,"fixation",202,11
"121",121,5,12460220,12460467,"fixation",247,11
"124",124,5,12460542,12460852.5,"fixation",310.5,11
"127",127,5,12460906,12461078,"fixation",172,11
"130",130,5,12461160,12461343,"fixation",183,11
"133",133,5,12461409,12461493,"fixation",84,11
"137",137,5,12461668,12461773,"fixation",105,11
"140",140,5,12461869,12462120,"fixation",251,11
"143",143,5,12462197,12462316,"fixation",119,11
"145",145,6,12531060,12531351,"fixation",291,11
"149",149,6,12531566,12531687,"fixation",121,11
"152",152,6,12531755,12531889,"fixation",134,11
"155",155,6,12531937,12532222,"fixation",285,11
"158",158,6,12532282,12532438,"fixation",156,11
"161",161,6,12532470,12532495,"fixation",25,11
"166",166,6,12532733,12532935,"fixation",202,11
"168",168,6,12532990,12533207,"fixation",217,11
"170",170,6,12533251,12533383,"fixation",132,11
"172",172,6,12533421,12533503,"fixation",82,11
"175",175,6,12533586,12533718,"fixation",132,11
"178",178,7,12415001,12415160,"fixation",159,11
"181",181,7,12415234,12415404,"fixation",170,11
"183",183,8,12815376,12815674,"fixation",298,11
"186",186,8,12815743,12815877,"fixation",134,11
"189",189,8,12815948,12816139,"fixation",191,11
"192",192,8,12816238,12816505,"fixation",267,11
"195",195,8,12816577,12816624,"fixation",47,11
"200",200,8,12816961,12817004,"fixation",43,11
"203",203,8,12817074,12817262,"fixation",188,11
"206",206,8,12817338,12817434,"fixation",96,11
"209",209,8,12817492,12817655,"fixation",163,11
"212",212,8,12817709,12817847,"fixation",138,11
"215",215,9,12810824,12811197,"fixation",373,11
"218",218,9,12811363,12811437,"fixation",74,11
"221",221,9,12811480,12811598,"fixation",118,11
"226",226,9,12811865,12811916,"fixation",51,11
"229",229,9,12811981,12812061,"fixation",80,11
"232",232,9,12812152,12812344,"fixation",192,11
"235",235,9,12812395,12812503,"fixation",108,11
"239",239,9,12812819,12812966,"fixation",147,11
"242",242,9,12813046,12813156,"fixation",110,11
"245",245,9,12813222,12813288,"fixation",66,11
"246",246,10,12563627,12563893,"fixation",266,11
"248",248,10,12564184,12564290,"fixation",106,11
"251",251,10,12564361,12564665,"fixation",304,11
"254",254,10,12564908,12564994,"fixation",86,11
"256",256,10,12565051,12565281,"fixation",230,11
"259",259,10,12565329,12565425,"fixation",96,11
"262",262,10,12565511,12565645,"fixation",134,11
"266",266,10,12565968,12566046,"fixation",78,11
"268",268,10,12566087,12566284,"fixation",197,11
"271",271,10,12566391,12566497,"fixation",106,11
"274",274,10,12566548,12566630,"fixation",82,11
"277",277,10,12566720,12566939,"fixation",219,11
"280",280,10,12567043,12567238,"fixation",195,11
"281",281,11,12579366,12579516,"fixation",150,11
"284",284,11,12579597,12579784,"fixation",187,11
"287",287,11,12579865,12580010,"fixation",145,11
"290",290,11,12580076,12580154,"fixation",78,11
"293",293,11,12580211,12580381,"fixation",170,11
"296",296,11,12580473,12580644,"fixation",171,11
"299",299,11,12580703,12580915,"fixation",212,11
"302",302,11,12580995,12581059,"fixation",64,11
"305",305,11,12581111,12581243,"fixation",132,11
"311",311,11,12581461,12581622,"fixation",161,11
"312",312,12,12788729,12788884,"fixation",155,11
"314",314,12,12788940,12789268,"fixation",328,11
"319",319,12,12789382,12789560,"fixation",178,11
"322",322,12,12789610,12789755,"fixation",145,11
"325",325,12,12789825,12789947,"fixation",122,11
"328",328,12,12790054,12790194,"fixation",140,11
"329",329,13,12611725,12611933,"fixation",208,11
"333",333,13,12612176,12612361,"fixation",185,11
"336",336,13,12612419,12612620,"fixation",201,11
"339",339,13,12612673,12612809,"fixation",136,11
"342",342,13,12612860,12612951,"fixation",91,11
"345",345,13,12613027,12613143,"fixation",116,11
"348",348,13,12613200,12613332,"fixation",132,11
"351",351,13,12613397,12613478,"fixation",81,11
"354",354,14,12403028,12403281,"fixation",253,11
"357",357,14,12403440,12403929,"fixation",489,11
"360",360,14,12403982,12404145,"fixation",163,11
"363",363,14,12404210,12404341,"fixation",131,11
"366",366,14,12404424,12404642,"fixation",218,11
"369",369,14,12404716,12405059,"fixation",343,11
"372",372,14,12405162,12405471,"fixation",309,11
"374",374,14,12405517,12405779,"fixation",262,11
"377",377,14,12405828,12405911,"fixation",83,11
"378",378,15,12407090,12407177,"fixation",87,11
"380",380,15,12407279,12407379,"fixation",100,11
"383",383,15,12407439,12407561,"fixation",122,11
"386",386,15,12407640,12407850,"fixation",210,11
"389",389,15,12407910,12408064,"fixation",154,11
"392",392,15,12408138,12408233,"fixation",95,11
"395",395,15,12408303,12408449,"fixation",146,11
"398",398,15,12408522,12408567,"fixation",45,11
"402",402,15,12408770,12408868,"fixation",98,11
"405",405,15,12408950,12409197,"fixation",247,11
"408",408,15,12409258,12409509,"fixation",251,11
"411",411,15,12409588,12409635,"fixation",47,11
"414",414,15,12409683,12409750,"fixation",67,11
"416",416,15,12409810,12410008,"fixation",198,11
"419",419,15,12410037,12410208,"fixation",171,11
"422",422,15,12410235,12410364,"fixation",129,11
"425",425,16,12757227,12757263,"fixation",36,11
"428",428,16,12757320,12757451,"fixation",131,11
"431",431,16,12757532,12757959,"fixation",427,11
"433",433,16,12757995,12758120,"fixation",125,11
"437",437,16,12758340,12758418,"fixation",78,11
"440",440,16,12758484,12758687,"fixation",203,11
"443",443,16,12758755,12758828,"fixation",73,11
"446",446,17,12782721,12782850,"fixation",129,11
"449",449,17,12782949,12783156,"fixation",207,11
"452",452,17,12783228,12783476,"fixation",248,11
"454",454,17,12783546,12783702,"fixation",156,11
"457",457,17,12783772,12783913,"fixation",141,11
"460",460,17,12783984,12784105,"fixation",121,11
"467",467,18,12741949,12742268,"fixation",319,11
"469",469,18,12742369,12742432,"fixation",63,11
"472",472,18,12742547,12742670,"fixation",123,11
"474",474,18,12742701,12742898,"fixation",197,11
"477",477,18,12742993,12743189,"fixation",196,11
"481",481,18,12743541,12743704,"fixation",163,11
"484",484,18,12743783,12743975,"fixation",192,11
"487",487,18,12744064,12744258,"fixation",194,11
"490",490,18,12744320,12744420,"fixation",100,11
"493",493,18,12744640,12744863,"fixation",223,11
"496",496,18,12744920,12745040,"fixation",120,11
"497",497,19,12522683,12522846,"fixation",163,11
"499",499,19,12522981,12523033,"fixation",52,11
"501",501,19,12523218,12523337,"fixation",119,11
"503",503,19,12523441,12523592,"fixation",151,11
"505",505,19,12523651,12523812,"fixation",161,11
"507",507,19,12523844,12524061,"fixation",217,11
"510",510,19,12524090,12524413,"fixation",323,11
"512",512,19,12524455,12524689,"fixation",234,11
"515",515,19,12524888,12525050,"fixation",162,11
"518",518,19,12525115,12525314,"fixation",199,11
"521",521,19,12525390,12525446,"fixation",56,11
"525",525,19,12525741,12525887,"fixation",146,11
"528",528,19,12525965,12526067,"fixation",102,11
"531",531,19,12526129,12526270,"fixation",141,11
"532",532,20,12746483,12746682,"fixation",199,11
"534",534,20,12746752,12746961,"fixation",209,11
"537",537,20,12747011,12747089,"fixation",78,11
"540",540,20,12747169,12747334,"fixation",165,11
"543",543,20,12747398,12747520,"fixation",122,11
"546",546,20,12747574,12747641,"fixation",67,11
"549",549,21,12572757,12573020,"fixation",263,11
"552",552,21,12573089,12573291,"fixation",202,11
"555",555,21,12573368,12573518,"fixation",150,11
"558",558,21,12573580,12573873,"fixation",293,11
"561",561,21,12573923,12574051,"fixation",128,11
"564",564,21,12574110,12574269,"fixation",159,11
"567",567,21,12574326,12574441,"fixation",115,11
"570",570,21,12574684,12574719,"fixation",35,11
"573",573,21,12574816,12574930,"fixation",114,11
"577",577,21,12575046,12575110,"fixation",64,11
"578",578,22,12608008,12608181,"fixation",173,11
"581",581,22,12608234,12608405,"fixation",171,11
"584",584,22,12608441,12608710,"fixation",269,11
"587",587,22,12608771,12608887,"fixation",116,11
"590",590,22,12608974,12609138,"fixation",164,11
"593",593,22,12609213,12609377,"fixation",164,11
"595",595,23,12528031,12528161,"fixation",130,11
"598",598,23,12528237,12528475,"fixation",238,11
"601",601,23,12528550,12528690,"fixation",140,11
"604",604,23,12528781,12528984,"fixation",203,11
"607",607,23,12529049,12529138,"fixation",89,11
"610",610,23,12529278,12529285,"fixation",7,11
"611",611,24,12820409,12820424,"fixation",15,11
"614",614,24,12820487,12820585,"fixation",98,11
"617",617,24,12820833,12821031,"fixation",198,11
"620",620,24,12821110,12821226,"fixation",116,11
"623",623,24,12821274,12821442,"fixation",168,11
"626",626,24,12821490,12821666,"fixation",176,11
"629",629,24,12821774,12821897,"fixation",123,11
"631",631,24,12821945,12822056,"fixation",111,11
"633",633,25,12752524,12752627,"fixation",103,11
"636",636,25,12752750,12753041,"fixation",291,11
"638",638,25,12753116,12753222,"fixation",106,11
"641",641,25,12753301,12753499,"fixation",198,11
"644",644,25,12753564,12753628,"fixation",64,11
"647",647,25,12753689,12753861,"fixation",172,11
"650",650,25,12753958,12753991,"fixation",33,11
"653",653,26,12823417,12823562,"fixation",145,11
"655",655,26,12823648,12823749,"fixation",101,11
"658",658,26,12823800,12823861,"fixation",61,11
"661",661,26,12823926,12824147,"fixation",221,11
"664",664,26,12824219,12824486,"fixation",267,11
"667",667,26,12824560,12824698,"fixation",138,11
"669",669,27,12785966,12786055,"fixation",89,11
"672",672,27,12786183,12786338,"fixation",155,11
"675",675,27,12786398,12786469,"fixation",71,11
"678",678,27,12786539,12786708,"fixation",169,11
"681",681,27,12786774,12786899.5,"fixation",125.5,11
"684",684,27,12787071,12787095,"fixation",24,11
"685",685,28,12445015,12445210,"fixation",195,11
"687",687,28,12445323,12445417,"fixation",94,11
"689",689,28,12445455,12445744,"fixation",289,11
"692",692,28,12445810,12445955,"fixation",145,11
"695",695,28,12446027,12446191,"fixation",164,11
"698",698,28,12446259,12446391,"fixation",132,11
"701",701,28,12446629,12446869,"fixation",240,11
"704",704,28,12446926,12447171,"fixation",245,11
"706",706,28,12447216,12447458,"fixation",242,11
"708",708,28,12447514,12447621,"fixation",107,11
"709",709,29,12778029,12778207,"fixation",178,11
"712",712,29,12778303,12778379,"fixation",76,11
"715",715,29,12778624,12778803,"fixation",179,11
"718",718,29,12778867,12779071,"fixation",204,11
"721",721,29,12779138,12779197,"fixation",59,11
"725",725,29,12779460,12779676,"fixation",216,11
"728",728,29,12779775,12779906,"fixation",131,11
"731",731,29,12779952,12780057,"fixation",105,11
"735",735,29,12780359,12780492,"fixation",133,11
"738",738,29,12780576,12780739,"fixation",163,11
"741",741,29,12780805,12780926,"fixation",121,11
"744",744,29,12780981,12781140,"fixation",159,11
"747",747,29,12781198,12781231,"fixation",33,11
"748",748,30,12412238,12412351,"fixation",113,11
"751",751,30,12412467,12412618,"fixation",151,11
"754",754,30,12412674,12412830,"fixation",156,11
"757",757,30,12412906,12413036,"fixation",130,11
"760",760,30,12413109,12413280,"fixation",171,11
"763",763,30,12413348,12413507,"fixation",159,11
"765",765,30,12413590,12413709,"fixation",119,11
"766",766,31,12615867,12615996,"fixation",129,11
"768",768,31,12616089,12616278,"fixation",189,11
"771",771,31,12616356,12616568,"fixation",212,11
"774",774,31,12616629,12616788,"fixation",159,11
"777",777,31,12616831,12616944,"fixation",113,11
"780",780,31,12617004,12617162,"fixation",158,11
"783",783,31,12617244,12617392,"fixation",148,11
"785",785,31,12617438,12617523,"fixation",85,11
"788",788,31,12617612,12617762,"fixation",150,11
"790",790,31,12617788,12617880,"fixation",92,11
"791",791,32,12449548,12449719,"fixation",171,11
"794",794,32,12449790,12450068,"fixation",278,11
"797",797,32,12450137,12450257,"fixation",120,11
"800",800,32,12450312,12450463,"fixation",151,11
"803",803,32,12450557,12450711,"fixation",154,11
"805",805,32,12450753,12450947,"fixation",194,11
"809",809,32,12451049,12451154,"fixation",105,11
"812",812,32,12451211,12451306,"fixation",95,11
"815",815,32,12451414,12451637,"fixation",223,11
"817",817,32,12451673,12451796,"fixation",123,11
"818",818,33,12826345,12826797,"fixation",452,11
"821",821,33,12826995,12827051,"fixation",56,11
"824",824,33,12827136,12827253,"fixation",117,11
"827",827,33,12827304,12827465,"fixation",161,11
"830",830,33,12827517,12827700,"fixation",183,11
"833",833,33,12827752,12828007,"fixation",255,11
"839",839,33,12828400,12828485,"fixation",85,11
"842",842,33,12828555,12828796,"fixation",241,11
"844",844,33,12828852,12829018,"fixation",166,11
"847",847,33,12829077,12829186,"fixation",109,11
"850",850,34,12453527,12453696,"fixation",169,11
"852",852,34,12453771,12453986,"fixation",215,11
"855",855,34,12454038,12454201,"fixation",163,11
"858",858,34,12454294,12454452,"fixation",158,11
"861",861,34,12454523,12454653,"fixation",130,11
"864",864,34,12454727,12454870,"fixation",143,11
"867",867,34,12454958,12455121,"fixation",163,11
"870",870,34,12455175,12455197,"fixation",22,11
"871",871,35,12576518,12576683,"fixation",165,11
"874",874,35,12576781,12576933,"fixation",152,11
"877",877,35,12576984,12577123,"fixation",139,11
"880",880,35,12577205,12577480,"fixation",275,11
"883",883,35,12577551,12577619,"fixation",68,11
"885",885,35,12577692,12577862,"fixation",170,11
"888",888,36,12538644,12538881,"fixation",237,11
"891",891,36,12538948,12539229,"fixation",281,11
"894",894,36,12539290,12539446,"fixation",156,11
"897",897,36,12539520,12539649,"fixation",129,11
"900",900,36,12539701,12539818,"fixation",117,11
"903",903,36,12540014,12540183,"fixation",169,11
"905",905,37,12456768,12456960,"fixation",192,11
"908",908,37,12457024,12457180,"fixation",156,11
"911",911,37,12457229,12457344,"fixation",115,11
"914",914,37,12457422,12457629,"fixation",207,11
"917",917,37,12457699,12457825,"fixation",126,11
"921",921,37,12458016,12458173,"fixation",157,11
"924",924,37,12458221,12458296,"fixation",75,11
"926",926,38,12604691,12604976,"fixation",285,11
"928",928,38,12605044,12605138,"fixation",94,11
"931",931,38,12605175,12605434,"fixation",259,11
"934",934,38,12605509,12605704,"fixation",195,11
"937",937,38,12605781,12605847,"fixation",66,11
"943",943,38,12606216,12606254,"fixation",38,11
"944",944,39,12749257,12749415,"fixation",158,11
"946",946,39,12749528,12749726,"fixation",198,11
"949",949,39,12749819,12749942,"fixation",123,11
"952",952,39,12750000,12750127,"fixation",127,11
"955",955,39,12750193,12750398,"fixation",205,11
"958",958,39,12750613,12750623,"fixation",10,11
"959",959,40,12791683,12791908,"fixation",225,11
"962",962,40,12791984,12792115,"fixation",131,11
"964",964,40,12792147,12792288,"fixation",141,11
"967",967,40,12792370,12792506,"fixation",136,11
"970",970,40,12792579,12792794,"fixation",215,11
"974",974,40,12793024,12793070,"fixation",46,11
"976",976,40,12793132,12793233,"fixation",101,11
"977",977,1,7168238,7168302,"fixation",64,13
"980",980,1,7168339,7168571,"fixation",232,13
"983",983,1,7168622,7168736,"fixation",114,13
"985",985,1,7168764,7168889,"fixation",125,13
"988",988,1,7168927,7169014,"fixation",87,13
"991",991,1,7169079,7169118,"fixation",39,13
"994",994,1,7169175,7169429,"fixation",254,13
"997",997,1,7169494,7169592,"fixation",98,13
"998",998,2,7253180,7253331,"fixation",151,13
"1001",1001,2,7253397,7253516,"fixation",119,13
"1004",1004,2,7253566,7253838,"fixation",272,13
"1007",1007,2,7253867,7253927,"fixation",60,13
"1010",1010,2,7253998,7254067,"fixation",69,13
"1014",1014,2,7254128,7254334,"fixation",206,13
"1016",1016,2,7254380,7254624,"fixation",244,13
"1017",1017,3,7295185,7295330,"fixation",145,13
"1020",1020,3,7295389,7295502,"fixation",113,13
"1022",1022,3,7295560,7295809,"fixation",249,13
"1025",1025,3,7295858,7296199,"fixation",341,13
"1027",1027,3,7296219,7296384,"fixation",165,13
"1029",1029,3,7296400,7296486,"fixation",86,13
"1032",1032,3,7296536,7296603,"fixation",67,13
"1035",1035,3,7296685,7296815,"fixation",130,13
"1038",1038,3,7296869,7297006,"fixation",137,13
"1041",1041,3,7297066,7297178,"fixation",112,13
"1044",1044,3,7297229,7297266,"fixation",37,13
"1045",1045,4,7170718,7170873,"fixation",155,13
"1048",1048,4,7170944,7171075,"fixation",131,13
"1051",1051,4,7171123,7171231,"fixation",108,13
"1054",1054,4,7171270,7171294,"fixation",24,13
"1057",1057,4,7171350,7171433,"fixation",83,13
"1060",1060,4,7171485,7171775,"fixation",290,13
"1063",1063,4,7171827,7172008,"fixation",181,13
"1066",1066,4,7172051,7172121,"fixation",70,13
"1067",1067,5,7440501,7440516,"fixation",15,13
"1069",1069,5,7440578,7440669,"fixation",91,13
"1072",1072,5,7440745,7441045,"fixation",300,13
"1074",1074,5,7441150,7441251,"fixation",101,13
"1076",1076,5,7441280,7441391,"fixation",111,13
"1078",1078,5,7441450,7441574,"fixation",124,13
"1081",1081,5,7441624,7441743,"fixation",119,13
"1083",1083,5,7441786,7441990,"fixation",204,13
"1085",1085,5,7442012,7442173,"fixation",161,13
"1088",1088,5,7442245,7442410,"fixation",165,13
"1092",1092,6,7450860,7450994,"fixation",134,13
"1094",1094,6,7451035,7451253,"fixation",218,13
"1096",1096,6,7451290,7451559,"fixation",269,13
"1099",1099,6,7451601,7451706,"fixation",105,13
"1101",1101,6,7451759,7451866,"fixation",107,13
"1104",1104,6,7451924,7452032,"fixation",108,13
"1107",1107,6,7452072,7452159,"fixation",87,13
"1109",1109,6,7452211,7452340,"fixation",129,13
"1110",1110,7,7192082,7192191,"fixation",109,13
"1113",1113,7,7192259,7192394,"fixation",135,13
"1116",1116,7,7192456,7192792,"fixation",336,13
"1119",1119,7,7192837,7193174,"fixation",337,13
"1121",1121,7,7193202,7193348,"fixation",146,13
"1122",1122,7,7193349,7193390,"fixation",41,13
"1124",1124,7,7193403,7193453,"fixation",50,13
"1127",1127,7,7193502,7193544,"fixation",42,13
"1130",1130,7,7193590,7193750,"fixation",160,13
"1133",1133,7,7193779,7193929,"fixation",150,13
"1135",1135,7,7193953,7194121,"fixation",168,13
"1138",1138,7,7194203,7194372,"fixation",169,13
"1141",1141,7,7194436,7194596,"fixation",160,13
"1144",1144,7,7194658,7194734,"fixation",76,13
"1148",1148,8,7259683,7260138,"fixation",455,13
"1151",1151,8,7260190,7260416,"fixation",226,13
"1154",1154,8,7260471,7260614,"fixation",143,13
"1157",1157,8,7260689,7260744,"fixation",55,13
"1160",1160,8,7260813,7260942,"fixation",129,13
"1163",1163,8,7260992,7261187,"fixation",195,13
"1164",1164,9,7479884,7480011,"fixation",127,13
"1167",1167,9,7480064,7480261,"fixation",197,13
"1170",1170,9,7480295,7480595,"fixation",300,13
"1172",1172,9,7480616,7480653,"fixation",37,13
"1175",1175,9,7480706,7480774,"fixation",68,13
"1178",1178,9,7480830,7480977,"fixation",147,13
"1181",1181,9,7481022,7481177,"fixation",155,13
"1182",1182,10,7417489,7417609,"fixation",120,13
"1184",1184,10,7417655,7417800,"fixation",145,13
"1187",1187,10,7417843,7418121,"fixation",278,13
"1189",1189,10,7418147,7418352,"fixation",205,13
"1192",1192,10,7418378,7418454,"fixation",76,13
"1195",1195,10,7418504,7418606,"fixation",102,13
"1198",1198,10,7418663,7418769,"fixation",106,13
"1200",1200,10,7418807,7418972,"fixation",165,13
"1202",1202,10,7419106,7419181,"fixation",75,13
"1204",1204,11,7420657,7420811,"fixation",154,13
"1207",1207,11,7420873,7421080,"fixation",207,13
"1210",1210,11,7421136,7421337,"fixation",201,13
"1213",1213,11,7421377,7421518,"fixation",141,13
"1216",1216,11,7421577,7421665,"fixation",88,13
"1219",1219,11,7421730,7422015,"fixation",285,13
"1222",1222,11,7422068,7422150,"fixation",82,13
"1224",1224,11,7422212,7422237,"fixation",25,13
"1225",1225,12,7321076,7321217,"fixation",141,13
"1228",1228,12,7321278,7321403,"fixation",125,13
"1231",1231,12,7321455,7321653,"fixation",198,13
"1234",1234,12,7321694,7321759,"fixation",65,13
"1237",1237,12,7321824,7321919,"fixation",95,13
"1240",1240,12,7321988,7322280,"fixation",292,13
"1243",1243,12,7322342,7322515,"fixation",173,13
"1244",1244,13,7323671,7323858,"fixation",187,13
"1247",1247,13,7323912,7324101,"fixation",189,13
"1249",1249,13,7324135,7324266,"fixation",131,13
"1252",1252,13,7324297,7324356,"fixation",59,13
"1255",1255,13,7324414,7324477,"fixation",63,13
"1258",1258,13,7324527,7324639,"fixation",112,13
"1261",1261,13,7324697,7325069,"fixation",372,13
"1263",1263,14,7196502,7196642,"fixation",140,13
"1266",1266,14,7196705,7196842,"fixation",137,13
"1269",1269,14,7196888,7197180,"fixation",292,13
"1272",1272,14,7197229,7197311,"fixation",82,13
"1275",1275,14,7197372,7197418,"fixation",46,13
"1278",1278,14,7197471,7197711,"fixation",240,13
"1281",1281,14,7197780,7197982,"fixation",202,13
"1283",1283,15,7199385,7199533,"fixation",148,13
"1286",1286,15,7199579,7199729,"fixation",150,13
"1289",1289,15,7199784,7200065,"fixation",281,13
"1292",1292,15,7200100,7200154,"fixation",54,13
"1295",1295,15,7200222,7200327,"fixation",105,13
"1298",1298,15,7200393,7200567,"fixation",174,13
"1301",1301,15,7200608,7200716,"fixation",108,13
"1305",1305,16,7263058,7263512,"fixation",454,13
"1308",1308,16,7263563,7263667,"fixation",104,13
"1311",1311,16,7263701,7263815,"fixation",114,13
"1314",1314,16,7263873,7264021,"fixation",148,13
"1317",1317,16,7264077,7264289,"fixation",212,13
"1320",1320,16,7264329,7264500,"fixation",171,13
"1323",1323,17,7165056,7165194,"fixation",138,13
"1326",1326,17,7165255,7165397,"fixation",142,13
"1329",1329,17,7165461,7165626,"fixation",165,13
"1331",1331,17,7165664,7165760,"fixation",96,13
"1334",1334,17,7165812,7165932,"fixation",120,13
"1336",1336,17,7165980,7166105,"fixation",125,13
"1338",1338,17,7166144,7166373,"fixation",229,13
"1340",1340,17,7166572,7166664,"fixation",92,13
"1342",1342,18,7414987,7415238,"fixation",251,13
"1344",1344,18,7415262,7415515,"fixation",253,13
"1347",1347,18,7415560,7415661,"fixation",101,13
"1350",1350,18,7415720,7415889,"fixation",169,13
"1353",1353,18,7415940,7416094,"fixation",154,13
"1355",1355,18,7416292,7416341,"fixation",49,13
"1356",1356,19,7411578,7411741,"fixation",163,13
"1359",1359,19,7411861,7412036,"fixation",175,13
"1362",1362,19,7412077,7412338,"fixation",261,13
"1365",1365,19,7412377,7412485,"fixation",108,13
"1368",1368,19,7412559,7412629,"fixation",70,13
"1370",1370,19,7412668,7412938,"fixation",270,13
"1372",1372,19,7413111,7413181,"fixation",70,13
"1373",1373,20,7327057,7327218,"fixation",161,13
"1375",1375,20,7327268,7327427,"fixation",159,13
"1378",1378,20,7327472,7327645,"fixation",173,13
"1381",1381,20,7327690,7327766,"fixation",76,13
"1384",1384,20,7327835,7327977,"fixation",142,13
"1387",1387,20,7328029,7328194,"fixation",165,13
"1390",1390,20,7328276,7328363,"fixation",87,13
"1391",1391,21,7156518,7156629,"fixation",111,13
"1393",1393,21,7156730,7156808,"fixation",78,13
"1395",1395,21,7156848,7156949,"fixation",101,13
"1397",1397,21,7156973,7157345,"fixation",372,13
"1399",1399,21,7157428,7157958,"fixation",530,13
"1402",1402,21,7158017,7158185,"fixation",168,13
"1405",1405,21,7158218,7158269,"fixation",51,13
"1409",1409,21,7158493,7158596,"fixation",103,13
"1412",1412,21,7158635,7158724,"fixation",89,13
"1415",1415,21,7158772,7158892,"fixation",120,13
"1418",1418,21,7158954,7159198,"fixation",244,13
"1421",1421,21,7159230,7159585,"fixation",355,13
"1424",1424,21,7159651,7159721,"fixation",70,13
"1428",1428,21,7159898,7160085,"fixation",187,13
"1431",1431,21,7160152,7160258,"fixation",106,13
"1434",1434,21,7160318,7160450,"fixation",132,13
"1437",1437,21,7160521,7160531,"fixation",10,13
"1438",1438,22,7249446,7249578,"fixation",132,13
"1441",1441,22,7249650,7249881,"fixation",231,13
"1444",1444,22,7249913,7250038,"fixation",125,13
"1447",1447,22,7250088,7250213,"fixation",125,13
"1450",1450,22,7250278,7250404,"fixation",126,13
"1453",1453,22,7250457,7250594,"fixation",137,13
"1456",1456,22,7250653,7250953,"fixation",300,13
"1458",1458,23,7447800,7447926,"fixation",126,13
"1461",1461,23,7447978,7448131,"fixation",153,13
"1464",1464,23,7448159,7448691,"fixation",532,13
"1467",1467,23,7448735,7448822,"fixation",87,13
"1470",1470,23,7448882,7448945,"fixation",63,13
"1472",1472,23,7448980,7449267,"fixation",287,13
"1474",1474,23,7449325,7449445,"fixation",120,13
"1475",1475,24,7281695,7281841,"fixation",146,13
"1478",1478,24,7281915,7282100,"fixation",185,13
"1481",1481,24,7282140,7282332,"fixation",192,13
"1484",1484,24,7282494,7282651,"fixation",157,13
"1487",1487,24,7282716,7282848,"fixation",132,13
"1490",1490,24,7282912,7283145,"fixation",233,13
"1493",1493,24,7283210,7283322,"fixation",112,13
"1496",1496,24,7283385,7283513,"fixation",128,13
"1498",1498,24,7283559,7283695,"fixation",136,13
"1500",1500,24,7283800,7283835,"fixation",35,13
"1501",1501,25,7443900,7444048,"fixation",148,13
"1504",1504,25,7444097,7444282,"fixation",185,13
"1507",1507,25,7444334,7444881,"fixation",547,13
"1510",1510,25,7444911,7444951,"fixation",40,13
"1513",1513,25,7444999,7445161,"fixation",162,13
"1516",1516,25,7445224,7445366,"fixation",142,13
"1519",1519,25,7445416,7445614,"fixation",198,13
"1521",1521,25,7445646,7445870,"fixation",224,13
"1523",1523,25,7445941,7446125,"fixation",184,13
"1525",1525,26,7453841,7453918,"fixation",77,13
"1528",1528,26,7454119,7454289,"fixation",170,13
"1531",1531,26,7454327,7454447,"fixation",120,13
"1534",1534,26,7454486,7454578,"fixation",92,13
"1537",1537,26,7454643,7454785,"fixation",142,13
"1540",1540,26,7454838,7454989,"fixation",151,13
"1543",1543,26,7455041,7455190,"fixation",149,13
"1545",1545,26,7455240,7455261,"fixation",21,13
"1546",1546,27,7482468,7482656,"fixation",188,13
"1549",1549,27,7482730,7482902,"fixation",172,13
"1552",1552,27,7482961,7483214,"fixation",253,13
"1555",1555,27,7483282,7483343,"fixation",61,13
"1558",1558,27,7483400,7483606,"fixation",206,13
"1559",1559,28,7255782,7256041,"fixation",259,13
"1562",1562,28,7256089,7256299,"fixation",210,13
"1565",1565,28,7256331,7256624,"fixation",293,13
"1568",1568,28,7256657,7256797,"fixation",140,13
"1571",1571,28,7256858,7256928,"fixation",70,13
"1574",1574,28,7256994,7257154,"fixation",160,13
"1577",1577,28,7257191,7257350,"fixation",159,13
"1580",1580,28,7257398,7257452,"fixation",54,13
"1581",1581,29,7473642,7473742,"fixation",100,13
"1584",1584,29,7473797,7473895,"fixation",98,13
"1587",1587,29,7473950,7474077,"fixation",127,13
"1589",1589,29,7474095,7474697,"fixation",602,13
"1592",1592,29,7474750,7474974,"fixation",224,13
"1595",1595,29,7475002,7475130,"fixation",128,13
"1597",1597,29,7475171,7475306,"fixation",135,13
"1600",1600,29,7475379,7475732,"fixation",353,13
"1603",1603,29,7475777,7475973,"fixation",196,13
"1606",1606,29,7476014,7476151,"fixation",137,13
"1609",1609,29,7476222,7476278,"fixation",56,13
"1610",1610,30,7291883,7292053,"fixation",170,13
"1613",1613,30,7292099,7292233,"fixation",134,13
"1615",1615,30,7292268,7293021,"fixation",753,13
"1618",1618,30,7293060,7293187,"fixation",127,13
"1621",1621,30,7293221,7293277,"fixation",56,13
"1624",1624,30,7293344,7293422,"fixation",78,13
"1627",1627,30,7293468,7293670,"fixation",202,13
"1630",1630,30,7293726,7293795,"fixation",69,13
"1631",1631,31,7162317,7162327,"fixation",10,13
"1634",1634,31,7162394,7163028,"fixation",634,13
"1637",1637,31,7163078,7163211,"fixation",133,13
"1640",1640,31,7163282,7163457,"fixation",175,13
"1643",1643,31,7163509,7163684,"fixation",175,13
"1646",1646,31,7163736,7163914,"fixation",178,13
"1647",1647,32,7484866,7484973,"fixation",107,13
"1650",1650,32,7485086,7485229,"fixation",143,13
"1653",1653,32,7485275,7485463,"fixation",188,13
"1656",1656,32,7485491,7485600,"fixation",109,13
"1659",1659,32,7485632,7485712,"fixation",80,13
"1662",1662,32,7485779,7485867,"fixation",88,13
"1665",1665,32,7485928,7486217,"fixation",289,13
"1668",1668,32,7486282,7486326,"fixation",44,13
"1669",1669,33,7314976,7315054,"fixation",78,13
"1672",1672,33,7315121,7315356,"fixation",235,13
"1675",1675,33,7315399,7315505,"fixation",106,13
"1678",1678,33,7315564,7315800,"fixation",236,13
"1681",1681,33,7315838,7315961,"fixation",123,13
"1684",1684,33,7316034,7316175,"fixation",141,13
"1687",1687,33,7316236,7316339,"fixation",103,13
"1689",1689,33,7316369,7316483,"fixation",114,13
"1692",1692,33,7316579,7316684,"fixation",105,13
"1694",1694,33,7316708,7316802,"fixation",94,13
"1699",1699,33,7317071,7317167,"fixation",96,13
"1705",1705,33,7317486,7317543,"fixation",57,13
"1709",1709,33,7317782,7317989,"fixation",207,13
"1714",1714,33,7318192,7318276,"fixation",84,13
"1717",1717,33,7318336,7318466,"fixation",130,13
"1720",1720,33,7318528,7318615,"fixation",87,13
"1723",1723,33,7318693,7318731,"fixation",38,13
"1724",1724,34,7285188,7285347,"fixation",159,13
"1727",1727,34,7285409,7285515,"fixation",106,13
"1730",1730,34,7285560,7285863,"fixation",303,13
"1733",1733,34,7285903,7285937,"fixation",34,13
"1736",1736,34,7285998,7286025,"fixation",27,13
"1739",1739,34,7286084,7286196,"fixation",112,13
"1742",1742,34,7286250,7286532,"fixation",282,13
"1744",1744,34,7286686,7286811,"fixation",125,13
"1745",1745,35,7189431,7189511,"fixation",80,13
"1748",1748,35,7189552,7189639,"fixation",87,13
"1751",1751,35,7189707,7190054,"fixation",347,13
"1756",1756,35,7190246,7190344,"fixation",98,13
"1759",1759,35,7190413,7190548,"fixation",135,13
"1762",1762,35,7190599,7190763,"fixation",164,13
"1765",1765,35,7190826,7190938,"fixation",112,13
"1766",1766,36,7408467,7408550,"fixation",83,13
"1769",1769,36,7408655,7408724,"fixation",69,13
"1771",1771,36,7408763,7408842,"fixation",79,13
"1773",1773,36,7408869,7409055,"fixation",186,13
"1776",1776,36,7409117,7409233,"fixation",116,13
"1779",1779,36,7409293,7409417,"fixation",124,13
"1782",1782,36,7409477,7409709,"fixation",232,13
"1785",1785,36,7409775,7410021,"fixation",246,13
"1790",1790,36,7410112,7410341,"fixation",229,13
"1791",1791,37,7288629,7288718,"fixation",89,13
"1794",1794,37,7288771,7288791,"fixation",20,13
"1797",1797,37,7288843,7289037,"fixation",194,13
"1800",1800,37,7289075,7289621,"fixation",546,13
"1803",1803,37,7289684,7289768,"fixation",84,13
"1806",1806,37,7289830,7290038,"fixation",208,13
"1808",1808,37,7290160,7290331,"fixation",171,13
"1810",1810,38,7203325,7203614,"fixation",289,13
"1813",1813,38,7203658,7203911,"fixation",253,13
"1816",1816,38,7203961,7204097,"fixation",136,13
"1819",1819,38,7204151,7204257,"fixation",106,13
"1822",1822,38,7204308,7204474,"fixation",166,13
"1825",1825,38,7204512,7204647,"fixation",135,13
"1829",1829,39,7329891,7329984,"fixation",93,13
"1832",1832,39,7330060,7330184,"fixation",124,13
"1835",1835,39,7330226,7330375,"fixation",149,13
"1838",1838,39,7330413,7330498,"fixation",85,13
"1841",1841,39,7330565,7330639,"fixation",74,13
"1844",1844,39,7330709,7330945,"fixation",236,13
"1847",1847,39,7330994,7331086,"fixation",92,13
"1850",1850,39,7331152,7331459,"fixation",307,13
"1852",1852,40,7477662,7478032,"fixation",370,13
"1855",1855,40,7478063,7478406,"fixation",343,13
"1858",1858,40,7478447,7478525,"fixation",78,13
"1861",1861,40,7478590,7478686,"fixation",96,13
"1864",1864,40,7478741,7478882,"fixation",141,13
"1867",1867,40,7478945,7478982,"fixation",37,13
"1868",1868,1,10564446,10564600,"fixation",154,14
"1871",1871,1,10564677,10564741,"fixation",64,14
"1874",1874,1,10564792,10565379,"fixation",587,14
"1878",1878,1,10565614,10565819,"fixation",205,14
"1881",1881,1,10565881,10566023,"fixation",142,14
"1884",1884,1,10566079,10566295,"fixation",216,14
"1886",1886,1,10566331,10566479,"fixation",148,14
"1887",1887,2,10394863,10394977,"fixation",114,14
"1892",1892,2,10395151,10395242,"fixation",91,14
"1895",1895,2,10395280,10395906,"fixation",626,14
"1898",1898,2,10395956,10396019,"fixation",63,14
"1903",1903,2,10396214,10396328,"fixation",114,14
"1906",1906,2,10396375,10396529,"fixation",154,14
"1908",1908,2,10396558,10396773,"fixation",215,14
"1911",1911,2,10396832,10396929,"fixation",97,14
"1913",1913,2,10396990,10397101,"fixation",111,14
"1914",1914,3,10467786,10467930,"fixation",144,14
"1917",1917,3,10468180,10468939,"fixation",759,14
"1919",1919,3,10468979,10469120,"fixation",141,14
"1922",1922,3,10469168,10469290,"fixation",122,14
"1926",1926,3,10469538,10469845,"fixation",307,14
"1927",1927,4,10559303,10559415,"fixation",112,14
"1931",1931,4,10559593,10559715,"fixation",122,14
"1934",1934,4,10559767,10560025,"fixation",258,14
"1937",1937,4,10560058,10560293,"fixation",235,14
"1941",1941,4,10560488,10560591,"fixation",103,14
"1944",1944,4,10560647,10560903,"fixation",256,14
"1947",1947,4,10560959,10561127,"fixation",168,14
"1948",1948,5,10652178,10652321,"fixation",143,14
"1951",1951,5,10652478,10652577,"fixation",99,14
"1954",1954,5,10652610,10653092,"fixation",482,14
"1957",1957,5,10653163,10653333,"fixation",170,14
"1960",1960,5,10653382,10653549,"fixation",167,14
"1963",1963,5,10653602,10653761,"fixation",159,14
"1966",1966,5,10654015,10654123,"fixation",108,14
"1969",1969,5,10654172,10654338,"fixation",166,14
"1972",1972,5,10654366,10654473,"fixation",107,14
"1975",1975,5,10654528,10654675,"fixation",147,14
"1978",1978,5,10654706,10654798,"fixation",92,14
"1980",1980,5,10654835,10654947,"fixation",112,14
"1983",1983,5,10655000,10655049,"fixation",49,14
"1985",1985,6,10436048,10436259,"fixation",211,14
"1989",1989,6,10436435,10436951,"fixation",516,14
"1992",1992,6,10437005,10437089,"fixation",84,14
"1995",1995,6,10437142,10437253,"fixation",111,14
"1998",1998,6,10437302,10437405,"fixation",103,14
"2001",2001,6,10437457,10437565,"fixation",108,14
"2004",2004,6,10437763,10437838,"fixation",75,14
"2006",2006,7,10660307,10660466,"fixation",159,14
"2009",2009,7,10660522,10660629,"fixation",107,14
"2012",2012,7,10660674,10661276,"fixation",602,14
"2015",2015,7,10661352,10661482,"fixation",130,14
"2018",2018,7,10661675,10661748,"fixation",73,14
"2021",2021,7,10661794,10661889,"fixation",95,14
"2024",2024,7,10661952,10662058,"fixation",106,14
"2027",2027,7,10662111,10662197,"fixation",86,14
"2030",2030,7,10662229,10662335,"fixation",106,14
"2033",2033,8,10619428,10619608,"fixation",180,14
"2036",2036,8,10619678,10619827,"fixation",149,14
"2039",2039,8,10619877,10620464,"fixation",587,14
"2042",2042,8,10620519,10620620,"fixation",101,14
"2045",2045,8,10620762,10620950,"fixation",188,14
"2048",2048,8,10620991,10621107,"fixation",116,14
"2051",2051,8,10621144,10621315,"fixation",171,14
"2054",2054,8,10621373,10621453,"fixation",80,14
"2056",2056,8,10621493,10621568,"fixation",75,14
"2057",2057,9,10554587,10554815,"fixation",228,14
"2061",2061,9,10555330,10555474,"fixation",144,14
"2063",2063,9,10555519,10555912,"fixation",393,14
"2065",2065,9,10555952,10556086,"fixation",134,14
"2070",2070,9,10556417,10556501,"fixation",84,14
"2072",2072,9,10556534,10556690,"fixation",156,14
"2075",2075,9,10556755,10556833,"fixation",78,14
"2078",2078,9,10556929,10557030,"fixation",101,14
"2080",2080,9,10557078,10557242,"fixation",164,14
"2083",2083,9,10557303,10557488,"fixation",185,14
"2086",2086,9,10557552,10557609,"fixation",57,14
"2088",2088,9,10557657,10557727,"fixation",70,14
"2089",2089,10,10663502,10663548,"fixation",46,14
"2092",2092,10,10663592,10663700,"fixation",108,14
"2096",2096,10,10663904,10664002,"fixation",98,14
"2099",2099,10,10664037,10664227,"fixation",190,14
"2101",2101,10,10664260,10664379,"fixation",119,14
"2104",2104,10,10664429,10664581,"fixation",152,14
"2107",2107,10,10664637,10664773,"fixation",136,14
"2112",2112,10,10665038,10665237,"fixation",199,14
"2115",2115,10,10665300,10665409,"fixation",109,14
"2118",2118,10,10665443,10665645,"fixation",202,14
"2121",2121,11,10288600,10288766,"fixation",166,14
"2128",2128,11,10289147,10289400,"fixation",253,14
"2131",2131,11,10289463,10289562,"fixation",99,14
"2134",2134,11,10289620,10289789,"fixation",169,14
"2137",2137,11,10289840,10289971,"fixation",131,14
"2140",2140,11,10290030,10290189,"fixation",159,14
"2143",2143,11,10290232,10290317,"fixation",85,14
"2146",2146,11,10290367,10290664,"fixation",297,14
"2149",2149,11,10290722,10290829,"fixation",107,14
"2150",2150,12,10622841,10622858,"fixation",17,14
"2153",2153,12,10622925,10623021,"fixation",96,14
"2156",2156,12,10623076,10623199,"fixation",123,14
"2159",2159,12,10623240,10624091,"fixation",851,14
"2162",2162,12,10624150,10624234,"fixation",84,14
"2165",2165,12,10624457,10624552,"fixation",95,14
"2168",2168,12,10624610,10624932,"fixation",322,14
"2171",2171,12,10624989,10625127,"fixation",138,14
"2174",2174,12,10625182,10625223,"fixation",41,14
"2175",2175,13,10477579,10477727,"fixation",148,14
"2178",2178,13,10477810,10477835,"fixation",25,14
"2183",2183,13,10478058,10478198,"fixation",140,14
"2186",2186,13,10478238,10478560,"fixation",322,14
"2189",2189,13,10478619,10478852,"fixation",233,14
"2192",2192,13,10478896,10479215,"fixation",319,14
"2195",2195,13,10479275,10479351,"fixation",76,14
"2198",2198,13,10479398,10479511,"fixation",113,14
"2201",2201,13,10479563,10479610,"fixation",47,14
"2205",2205,13,10479870,10479968,"fixation",98,14
"2206",2206,14,10285506,10285646,"fixation",140,14
"2208",2208,14,10285911,10285975,"fixation",64,14
"2211",2211,14,10286063,10286151,"fixation",88,14
"2214",2214,14,10286214,10286460,"fixation",246,14
"2216",2216,14,10286506,10286686,"fixation",180,14
"2218",2218,14,10286737,10286940,"fixation",203,14
"2221",2221,14,10286968,10287050,"fixation",82,14
"2224",2224,14,10287103,10287237,"fixation",134,14
"2226",2226,14,10287276,10287398,"fixation",122,14
"2228",2228,14,10287460,10287501,"fixation",41,14
"2229",2229,15,10254354,10254570,"fixation",216,14
"2233",2233,15,10254812,10254893,"fixation",81,14
"2236",2236,15,10254928,10255098,"fixation",170,14
"2239",2239,15,10255149,10255254,"fixation",105,14
"2242",2242,15,10255309,10255407,"fixation",98,14
"2245",2245,15,10255468,10255676,"fixation",208,14
"2248",2248,15,10255753,10255917,"fixation",164,14
"2249",2249,16,10250931,10251116,"fixation",185,14
"2253",2253,16,10251356,10251514,"fixation",158,14
"2256",2256,16,10251567,10251658,"fixation",91,14
"2259",2259,16,10251720,10251885,"fixation",165,14
"2262",2262,16,10251940,10252126,"fixation",186,14
"2265",2265,16,10252182,10252378,"fixation",196,14
"2268",2268,16,10252414,10252552,"fixation",138,14
"2273",2273,16,10252690,10252844,"fixation",154,14
"2276",2276,16,10252900,10253068,"fixation",168,14
"2277",2277,17,10299594,10299764,"fixation",170,14
"2280",2280,17,10299826,10299873,"fixation",47,14
"2284",2284,17,10300106,10300727,"fixation",621,14
"2287",2287,17,10300860,10300929,"fixation",69,14
"2291",2291,17,10301185,10301272,"fixation",87,14
"2293",2293,17,10301304,10301443,"fixation",139,14
"2295",2295,17,10301470,10301538,"fixation",68,14
"2299",2299,17,10301810,10301909,"fixation",99,14
"2302",2302,17,10301955,10302111,"fixation",156,14
"2305",2305,17,10302145,10302181,"fixation",36,14
"2306",2306,18,10407286,10407319,"fixation",33,14
"2309",2309,18,10407362,10407498,"fixation",136,14
"2314",2314,18,10407719,10407811,"fixation",92,14
"2317",2317,18,10407843,10408286,"fixation",443,14
"2320",2320,18,10408339,10408448,"fixation",109,14
"2323",2323,18,10408500,10408618,"fixation",118,14
"2327",2327,18,10408828,10408880,"fixation",52,14
"2330",2330,18,10408939,10409069,"fixation",130,14
"2331",2331,19,10430643,10430715,"fixation",72,14
"2335",2335,19,10430988,10431119,"fixation",131,14
"2338",2338,19,10431162,10431985,"fixation",823,14
"2341",2341,19,10432107,10432252,"fixation",145,14
"2344",2344,19,10432309,10432418,"fixation",109,14
"2347",2347,19,10432600,10432806,"fixation",206,14
"2350",2350,19,10432869,10433021,"fixation",152,14
"2352",2352,19,10433061,10433247,"fixation",186,14
"2355",2355,19,10433463,10433783,"fixation",320,14
"2358",2358,19,10433838,10434229,"fixation",391,14
"2359",2359,20,10656422,10656442,"fixation",20,14
"2362",2362,20,10656510,10656568,"fixation",58,14
"2366",2366,20,10656749,10656848,"fixation",99,14
"2368",2368,20,10656881,10657432,"fixation",551,14
"2371",2371,20,10657490,10657604,"fixation",114,14
"2374",2374,20,10657658,10657790,"fixation",132,14
"2378",2378,20,10658023,10658194,"fixation",171,14
"2381",2381,20,10658246,10658429,"fixation",183,14
"2384",2384,20,10658480,10658520,"fixation",40,14
"2385",2385,21,10438864,10438893,"fixation",29,14
"2388",2388,21,10438959,10439073,"fixation",114,14
"2391",2391,21,10439131,10439187,"fixation",56,14
"2393",2393,21,10439345,10439500,"fixation",155,14
"2395",2395,21,10439534,10439672,"fixation",138,14
"2397",2397,21,10439704,10439885,"fixation",181,14
"2399",2399,21,10439933,10440016,"fixation",83,14
"2402",2402,21,10440296,10440454,"fixation",158,14
"2405",2405,21,10440511,10440656,"fixation",145,14
"2408",2408,21,10440690,10440819,"fixation",129,14
"2410",2410,21,10440872,10440998,"fixation",126,14
"2413",2413,21,10441033,10441070,"fixation",37,14
"2414",2414,22,10610475,10610605,"fixation",130,14
"2418",2418,22,10610858,10610937,"fixation",79,14
"2421",2421,22,10610974,10611261,"fixation",287,14
"2424",2424,22,10611297,10611518,"fixation",221,14
"2427",2427,22,10611581,10611677,"fixation",96,14
"2430",2430,22,10611723,10611867,"fixation",144,14
"2433",2433,22,10611926,10611962,"fixation",36,14
"2439",2439,22,10612174,10612401,"fixation",227,14
"2442",2442,22,10612463,10612607,"fixation",144,14
"2445",2445,22,10612658,10612904,"fixation",246,14
"2448",2448,22,10612956,10613157,"fixation",201,14
"2449",2449,23,10474629,10474878,"fixation",249,14
"2452",2452,23,10474943,10475136,"fixation",193,14
"2455",2455,23,10475173,10475587,"fixation",414,14
"2458",2458,23,10475640,10475702,"fixation",62,14
"2462",2462,23,10475941,10476053,"fixation",112,14
"2464",2464,23,10476083,10476313,"fixation",230,14
"2466",2466,23,10476375,10476501,"fixation",126,14
"2467",2467,24,10648680,10648816,"fixation",136,14
"2471",2471,24,10649006,10649781,"fixation",775,14
"2474",2474,24,10649937,10650085,"fixation",148,14
"2477",2477,24,10650142,10650303,"fixation",161,14
"2480",2480,24,10650364,10650464,"fixation",100,14
"2483",2483,24,10650494,10650626,"fixation",132,14
"2486",2486,24,10650674,10650819,"fixation",145,14
"2489",2489,24,10650851,10650983,"fixation",132,14
"2490",2490,25,10567674,10567812,"fixation",138,14
"2494",2494,25,10568104,10568334,"fixation",230,14
"2497",2497,25,10568361,10568513,"fixation",152,14
"2500",2500,25,10568570,10568725,"fixation",155,14
"2501",2501,26,10292327,10292559,"fixation",232,14
"2504",2504,26,10292741,10292836,"fixation",95,14
"2507",2507,26,10292869,10293056,"fixation",187,14
"2510",2510,26,10293105,10293233,"fixation",128,14
"2513",2513,26,10293289,10293478,"fixation",189,14
"2516",2516,26,10293528,10293704,"fixation",176,14
"2518",2518,26,10293762,10293875,"fixation",113,14
"2520",2520,26,10293916,10293964,"fixation",48,14
"2524",2524,27,10627520,10627695,"fixation",175,14
"2527",2527,27,10627762,10627915,"fixation",153,14
"2529",2529,27,10627947,10628404,"fixation",457,14
"2532",2532,27,10628451,10628527,"fixation",76,14
"2537",2537,27,10628747,10628896,"fixation",149,14
"2540",2540,27,10628953,10629112,"fixation",159,14
"2542",2542,27,10629151,10629300,"fixation",149,14
"2545",2545,27,10629342,10629477,"fixation",135,14
"2548",2548,27,10629525,10629606,"fixation",81,14
"2551",2551,28,10410222,10410460,"fixation",238,14
"2555",2555,28,10410695,10410820,"fixation",125,14
"2558",2558,28,10410855,10411080,"fixation",225,14
"2561",2561,28,10411138,10411253,"fixation",115,14
"2564",2564,28,10411300,10411504,"fixation",204,14
"2567",2567,28,10411722,10411808,"fixation",86,14
"2570",2570,28,10411861,10411968,"fixation",107,14
"2572",2572,29,10265905,10266045,"fixation",140,14
"2575",2575,29,10266312,10266411,"fixation",99,14
"2578",2578,29,10266456,10266706,"fixation",250,14
"2581",2581,29,10266766,10266867,"fixation",101,14
"2584",2584,29,10266921,10267043,"fixation",122,14
"2587",2587,29,10267088,10267235,"fixation",147,14
"2590",2590,29,10267298,10267432,"fixation",134,14
"2593",2593,29,10267479,10267555,"fixation",76,14
"2596",2596,29,10267623,10267841,"fixation",218,14
"2599",2599,29,10267895,10268006,"fixation",111,14
"2601",2601,29,10268048,10268053,"fixation",5,14
"2602",2602,30,10481704,10481888,"fixation",184,14
"2605",2605,30,10481945,10482043,"fixation",98,14
"2608",2608,30,10482079,10482618,"fixation",539,14
"2611",2611,30,10482672,10482801,"fixation",129,14
"2614",2614,30,10482865,10482954,"fixation",89,14
"2617",2617,30,10483005,10483072,"fixation",67,14
"2621",2621,30,10483340,10483685,"fixation",345,14
"2622",2622,31,10262199,10262306,"fixation",107,14
"2625",2625,31,10262352,10262392,"fixation",40,14
"2629",2629,31,10262634,10262878,"fixation",244,14
"2632",2632,31,10262933,10263084,"fixation",151,14
"2635",2635,31,10263121,10263285,"fixation",164,14
"2638",2638,31,10263331,10263426,"fixation",95,14
"2642",2642,31,10263710,10263810,"fixation",100,14
"2644",2644,31,10263834,10264169,"fixation",335,14
"2647",2647,31,10264209,10264433,"fixation",224,14
"2649",2649,31,10264458,10264629,"fixation",171,14
"2650",2650,32,10398456,10398747,"fixation",291,14
"2653",2653,32,10398833,10398922,"fixation",89,14
"2655",2655,32,10398942,10399087,"fixation",145,14
"2658",2658,32,10399247,10399503,"fixation",256,14
"2661",2661,32,10399555,10399779,"fixation",224,14
"2664",2664,32,10400017,10400200,"fixation",183,14
"2667",2667,32,10400259,10400465,"fixation",206,14
"2669",2669,32,10400526,10400661,"fixation",135,14
"2672",2672,32,10400697,10400809,"fixation",112,14
"2675",2675,32,10400860,10400993,"fixation",133,14
"2678",2678,32,10401052,10401150,"fixation",98,14
"2681",2681,32,10401189,10401289,"fixation",100,14
"2684",2684,32,10401349,10401429,"fixation",80,14
"2685",2685,33,10470776,10470894,"fixation",118,14
"2690",2690,33,10471107,10471260,"fixation",153,14
"2691",2691,33,10471261,10471285,"fixation",24,14
"2693",2693,33,10471299,10471750,"fixation",451,14
"2696",2696,33,10471805,10471984,"fixation",179,14
"2699",2699,33,10472040,10472237,"fixation",197,14
"2702",2702,33,10472272,10472381,"fixation",109,14
"2706",2706,33,10472580,10472661,"fixation",81,14
"2707",2707,34,10295262,10295395,"fixation",133,14
"2713",2713,34,10295729,10296235,"fixation",506,14
"2716",2716,34,10296295,10296438,"fixation",143,14
"2719",2719,34,10296492,10296718,"fixation",226,14
"2722",2722,34,10296771,10296905,"fixation",134,14
"2726",2726,34,10297128,10297275,"fixation",147,14
"2729",2729,34,10297331,10297479,"fixation",148,14
"2732",2732,34,10297525,10297786,"fixation",261,14
"2735",2735,34,10297819,10297978,"fixation",159,14
"2737",2737,34,10298022,10298154,"fixation",132,14
"2740",2740,34,10298203,10298221,"fixation",18,14
"2742",2742,35,10615576,10615818,"fixation",242,14
"2745",2745,35,10615878,10616003,"fixation",125,14
"2748",2748,35,10616039,10616503,"fixation",464,14
"2751",2751,35,10616549,10616689,"fixation",140,14
"2754",2754,35,10616741,10616816,"fixation",75,14
"2757",2757,35,10617053,10617203,"fixation",150,14
"2760",2760,35,10617258,10617393,"fixation",135,14
"2763",2763,35,10617439,10617599,"fixation",160,14
"2766",2766,35,10617653,10617833,"fixation",180,14
"2769",2769,35,10617880,10617911,"fixation",31,14
"2771",2771,36,10442862,10443031,"fixation",169,14
"2774",2774,36,10443250,10443895,"fixation",645,14
"2777",2777,36,10443963,10444109,"fixation",146,14
"2779",2779,36,10444148,10444274,"fixation",126,14
"2781",2781,36,10444308,10444448,"fixation",140,14
"2784",2784,36,10444688,10444769,"fixation",81,14
"2786",2786,36,10444792,10444892,"fixation",100,14
"2787",2787,37,10391514,10391649,"fixation",135,14
"2790",2790,37,10391854,10391969,"fixation",115,14
"2792",2792,37,10391992,10392246,"fixation",254,14
"2794",2794,37,10392264,10392492,"fixation",228,14
"2797",2797,37,10392520,10392587,"fixation",67,14
"2799",2799,37,10392626,10392765,"fixation",139,14
"2802",2802,37,10392824,10392911,"fixation",87,14
"2805",2805,37,10393090,10393266,"fixation",176,14
"2808",2808,37,10393328,10393653,"fixation",325,14
"2809",2809,38,10257808,10257983,"fixation",175,14
"2812",2812,38,10258046,10258120,"fixation",74,14
"2815",2815,38,10258162,10258412,"fixation",250,14
"2818",2818,38,10258452,10258734,"fixation",282,14
"2820",2820,38,10258778,10258879,"fixation",101,14
"2823",2823,38,10259078,10259156,"fixation",78,14
"2825",2825,38,10259187,10259292,"fixation",105,14
"2827",2827,38,10259346,10259645,"fixation",299,14
"2828",2828,39,10446289,10446421,"fixation",132,14
"2834",2834,39,10446765,10446863,"fixation",98,14
"2836",2836,39,10446896,10447002,"fixation",106,14
"2838",2838,39,10447031,10447280,"fixation",249,14
"2840",2840,39,10447301,10447432,"fixation",131,14
"2843",2843,39,10447505,10447591,"fixation",86,14
"2845",2845,39,10447632,10447706,"fixation",74,14
"2848",2848,39,10447795,10447941,"fixation",146,14
"2852",2852,39,10448338,10448625,"fixation",287,14
"2854",2854,39,10448701,10448826,"fixation",125,14
"2856",2856,39,10448873,10448974,"fixation",101,14
"2859",2859,39,10449310,10449333,"fixation",23,14
"2861",2861,40,7477662,7478032,"fixation",370,14
"2864",2864,40,7478063,7478406,"fixation",343,14
"2867",2867,40,7478447,7478525,"fixation",78,14
"2870",2870,40,7478590,7478686,"fixation",96,14
"2873",2873,40,7478741,7478882,"fixation",141,14
"2876",2876,40,7478945,7478982,"fixation",37,14
"2879",2879,40,10562097,10562208,"fixation",111,14
"2882",2882,40,10562274,10562395,"fixation",121,14
"2885",2885,40,10562425,10562955,"fixation",530,14
"2888",2888,40,10563025,10563087,"fixation",62,14
"2892",2892,40,10563344,10563497,"fixation",153,14
"2895",2895,40,10563565,10563695,"fixation",130,14
"2896",2896,1,2028850,2029078,"fixation",228,18
"2899",2899,1,2029129,2029273,"fixation",144,18
"2902",2902,1,2029314,2029451,"fixation",137,18
"2905",2905,1,2029513,2029642,"fixation",129,18
"2908",2908,1,2029707,2029734,"fixation",27,18
"2909",2909,2,1822576,1822741,"fixation",165,18
"2911",2911,2,1822796,1822913,"fixation",117,18
"2914",2914,2,1822973,1823199,"fixation",226,18
"2917",2917,2,1823289,1823357,"fixation",68,18
"2918",2918,3,1991058,1991090,"fixation",32,18
"2920",2920,3,1991136,1991304,"fixation",168,18
"2923",2923,3,1991366,1991544,"fixation",178,18
"2926",2926,3,1991595,1991713,"fixation",118,18
"2929",2929,3,1991777,1992061,"fixation",284,18
"2931",2931,3,1992108,1992229,"fixation",121,18
"2932",2932,4,1718139,1718209,"fixation",70,18
"2935",2935,4,1718263,1718395,"fixation",132,18
"2938",2938,4,1718453,1718580,"fixation",127,18
"2941",2941,4,1718646,1718795,"fixation",149,18
"2944",2944,4,1718850,1719019,"fixation",169,18
"2947",2947,4,1719080,1719175,"fixation",95,18
"2950",2950,4,1719269,1719404,"fixation",135,18
"2951",2951,5,1858109,1858292,"fixation",183,18
"2954",2954,5,1858360,1858492,"fixation",132,18
"2957",2957,5,1858538,1858658,"fixation",120,18
"2959",2959,5,1858697,1858776,"fixation",79,18
"2961",2961,5,1858886,1858973,"fixation",87,18
"2962",2962,6,1755395,1755583,"fixation",188,18
"2965",2965,6,1755643,1755795,"fixation",152,18
"2968",2968,6,1755831,1755924,"fixation",93,18
"2971",2971,6,1755982,1756201,"fixation",219,18
"2973",2973,6,1756319,1756453,"fixation",134,18
"2975",2975,7,1998743,1998952,"fixation",209,18
"2978",2978,7,1999003,1999289,"fixation",286,18
"2981",2981,7,1999337,1999431,"fixation",94,18
"2984",2984,7,1999494,1999556,"fixation",62,18
"2987",2987,7,1999638,1999846,"fixation",208,18
"2990",2990,7,1999908,2000052,"fixation",144,18
"2993",2993,7,2000116,2000189,"fixation",73,18
"2995",2995,8,1751132,1751181,"fixation",49,18
"2998",2998,8,1751226,1751386,"fixation",160,18
"3001",3001,8,1751458,1751566,"fixation",108,18
"3004",3004,8,1751624,1751906,"fixation",282,18
"3007",3007,8,1751972,1752183,"fixation",211,18
"3009",3009,8,1752206,1752322,"fixation",116,18
"3012",3012,8,1752387,1752768,"fixation",381,18
"3015",3015,8,1752833,1752987,"fixation",154,18
"3018",3018,8,1753080,1753212,"fixation",132,18
"3021",3021,8,1753280,1753568,"fixation",288,18
"3024",3024,8,1753626,1753708,"fixation",82,18
"3025",3025,9,1995481,1995684,"fixation",203,18
"3028",3028,9,1995739,1995869,"fixation",130,18
"3031",3031,9,1995926,1996087,"fixation",161,18
"3033",3033,9,1996223,1996239,"fixation",16,18
"3034",3034,10,1713238,1713348,"fixation",110,18
"3035",3035,11,1884842,1885033,"fixation",191,18
"3038",3038,11,1885097,1885229,"fixation",132,18
"3041",3041,11,1885274,1885920,"fixation",646,18
"3044",3044,11,1885996,1886096,"fixation",100,18
"3047",3047,11,1886186,1886369,"fixation",183,18
"3050",3050,11,1886432,1886881,"fixation",449,18
"3054",3054,12,1722288,1722469,"fixation",181,18
"3057",3057,12,1722536,1722678,"fixation",142,18
"3060",3060,12,1722739,1722917,"fixation",178,18
"3063",3063,12,1723257,1723365,"fixation",108,18
"3066",3066,12,1723492,1723563,"fixation",71,18
"3067",3067,13,1895406,1895595,"fixation",189,18
"3070",3070,13,1895647,1895856,"fixation",209,18
"3073",3073,13,1895918,1896058,"fixation",140,18
"3076",3076,13,1896131,1896268,"fixation",137,18
"3079",3079,14,1860430,1860640,"fixation",210,18
"3082",3082,14,1860704,1860886,"fixation",182,18
"3085",3085,14,1860938,1861043,"fixation",105,18
"3088",3088,15,1862569,1862725,"fixation",156,18
"3091",3091,15,1862753,1862803,"fixation",50,18
"3094",3094,15,1862871,1863089,"fixation",218,18
"3097",3097,15,1863143,1863262,"fixation",119,18
"3100",3100,15,1863333,1863382,"fixation",49,18
"3103",3103,15,1863452,1863613,"fixation",161,18
"3104",3104,16,1765812,1765862,"fixation",50,18
"3106",3106,16,1765887,1766071,"fixation",184,18
"3108",3108,16,1766103,1766302,"fixation",199,18
"3110",3110,16,1766348,1766527,"fixation",179,18
"3113",3113,16,1766589,1766757,"fixation",168,18
"3116",3116,16,1766848,1766884,"fixation",36,18
"3117",3117,17,2031686,2031865,"fixation",179,18
"3120",3120,17,2031916,2032100,"fixation",184,18
"3123",3123,17,2032154,2032420,"fixation",266,18
"3126",3126,17,2032469,2032585,"fixation",116,18
"3129",3129,17,2032686,2032790,"fixation",104,18
"3130",3130,18,1759212,1759416,"fixation",204,18
"3133",3133,18,1759485,1759651,"fixation",166,18
"3136",3136,18,1759715,1759932,"fixation",217,18
"3137",3137,19,1855060,1855128,"fixation",68,18
"3140",3140,19,1855174,1855314,"fixation",140,18
"3143",3143,19,1855375,1855503,"fixation",128,18
"3145",3145,19,1855534,1855651,"fixation",117,18
"3148",3148,19,1855720,1855773,"fixation",53,18
"3149",3149,20,1898513,1898721,"fixation",208,18
"3152",3152,20,1898773,1899030,"fixation",257,18
"3155",3155,20,1899070,1899247,"fixation",177,18
"3158",3158,20,1899369,1899460,"fixation",91,18
"3159",3159,21,2025942,2026147,"fixation",205,18
"3161",3161,21,2026188,2026305,"fixation",117,18
"3164",3164,21,2026369,2026482,"fixation",113,18
"3167",3167,21,2026528,2026609,"fixation",81,18
"3170",3170,21,2026764,2026967,"fixation",203,18
"3171",3171,22,1826046,1826233,"fixation",187,18
"3174",3174,22,1826294,1826520,"fixation",226,18
"3177",3177,22,1826571,1826721,"fixation",150,18
"3179",3179,23,1955137,1955300,"fixation",163,18
"3182",3182,23,1955349,1955469,"fixation",120,18
"3184",3184,23,1955519,1955641,"fixation",122,18
"3186",3186,23,1955674,1955811,"fixation",137,18
"3188",3188,23,1955931,1956037,"fixation",106,18
"3189",3189,24,1708090,1708164,"fixation",74,18
"3192",3192,24,1708231,1708436,"fixation",205,18
"3195",3195,24,1708495,1708835,"fixation",340,18
"3198",3198,24,1708894,1709051,"fixation",157,18
"3201",3201,24,1709170,1709267,"fixation",97,18
"3204",3204,24,1709350,1709801,"fixation",451,18
"3207",3207,24,1709847,1709993,"fixation",146,18
"3209",3209,24,1710029,1710286,"fixation",257,18
"3212",3212,24,1710334,1710528,"fixation",194,18
"3215",3215,24,1710568,1710940,"fixation",372,18
"3216",3216,25,2035286,2035423,"fixation",137,18
"3219",3219,25,2035468,2035564,"fixation",96,18
"3222",3222,25,2035631,2035886,"fixation",255,18
"3226",3226,25,2036190,2036254,"fixation",64,18
"3229",3229,25,2036328,2036401,"fixation",73,18
"3232",3232,25,2036465,2036595,"fixation",130,18
"3234",3234,26,1952283,1952297,"fixation",14,18
"3237",3237,26,1952358,1952504,"fixation",146,18
"3240",3240,26,1952576,1952786,"fixation",210,18
"3243",3243,26,1952861,1953021,"fixation",160,18
"3247",3247,26,1953094,1953246,"fixation",152,18
"3249",3249,27,1888563,1888708,"fixation",145,18
"3250",3250,28,2021256,2021421,"fixation",165,18
"3253",3253,28,2021477,2021643,"fixation",166,18
"3256",3256,28,2021712,2022488,"fixation",776,18
"3259",3259,28,2022557,2023150,"fixation",593,18
"3260",3260,29,1848569,1848738,"fixation",169,18
"3263",3263,29,1848819,1849033,"fixation",214,18
"3266",3266,29,1849070,1849309,"fixation",239,18
"3269",3269,29,1849364,1849606,"fixation",242,18
"3272",3272,29,1849793,1850051,"fixation",258,18
"3277",3277,29,1850728,1851058,"fixation",330,18
"3280",3280,29,1851098,1851467,"fixation",369,18
"3283",3283,29,1851535,1851707,"fixation",172,18
"3286",3286,29,1851750,1852025,"fixation",275,18
"3289",3289,29,1852068,1852446,"fixation",378,18
"3292",3292,29,1852497,1852803,"fixation",306,18
"3295",3295,29,1852868,1852974,"fixation",106,18
"3297",3297,29,1853006,1853213,"fixation",207,18
"3300",3300,29,1853292,1853343,"fixation",51,18
"3303",3303,29,1853423,1853668,"fixation",245,18
"3304",3304,30,1891568,1891795,"fixation",227,18
"3307",3307,30,1891842,1892069,"fixation",227,18
"3309",3309,30,1892259,1892409,"fixation",150,18
"3312",3312,30,1892474,1892671,"fixation",197,18
"3315",3315,30,1892737,1893336,"fixation",599,18
"3317",3317,31,1816850,1816985,"fixation",135,18
"3320",3320,31,1817040,1817158,"fixation",118,18
"3323",3323,31,1817202,1817431,"fixation",229,18
"3325",3325,32,1702313,1702480,"fixation",167,18
"3328",3328,32,1702551,1702696,"fixation",145,18
"3331",3331,32,1702751,1702937,"fixation",186,18
"3334",3334,32,1702982,1703183,"fixation",201,18
"3337",3337,32,1703306,1703830,"fixation",524,18
"3340",3340,32,1703908,1704021,"fixation",113,18
"3343",3343,32,1704070,1704147,"fixation",77,18
"3344",3344,33,1987178,1987358,"fixation",180,18
"3347",3347,33,1987414,1987571,"fixation",157,18
"3350",3350,33,1987634,1987945,"fixation",311,18
"3353",3353,33,1988017,1988100,"fixation",83,18
"3356",3356,33,1988167,1988316,"fixation",149,18
"3359",3359,33,1988379,1988502,"fixation",123,18
"3362",3362,33,1988578,1988730,"fixation",152,18
"3365",3365,33,1988775,1988842,"fixation",67,18
"3370",3370,34,1964726,1964917,"fixation",191,18
"3373",3373,34,1964973,1965115,"fixation",142,18
"3376",3376,34,1965168,1965299,"fixation",131,18
"3380",3380,34,1965586,1965690,"fixation",104,18
"3383",3383,34,1965782,1966000,"fixation",218,18
"3386",3386,34,1966137,1966219,"fixation",82,18
"3388",3388,34,1966241,1966579,"fixation",338,18
"3391",3391,34,1966615,1966777,"fixation",162,18
"3394",3394,34,1966817,1967044,"fixation",227,18
"3397",3397,34,1967099,1967416,"fixation",317,18
"3400",3400,34,1967469,1967843,"fixation",374,18
"3403",3403,34,1967897,1968196,"fixation",299,18
"3406",3406,34,1968250,1968437,"fixation",187,18
"3409",3409,34,1968485,1968627,"fixation",142,18
"3411",3411,34,1968663,1968822,"fixation",159,18
"3412",3412,35,2001930,2002094,"fixation",164,18
"3415",3415,35,2002135,2002203,"fixation",68,18
"3418",3418,35,2002263,2002823.5,"fixation",560.5,18
"3420",3420,35,2002995,2003073,"fixation",78,18
"3422",3422,36,1945847,1945996,"fixation",149,18
"3424",3424,36,1946055,1946176,"fixation",121,18
"3427",3427,36,1946273,1946420,"fixation",147,18
"3430",3430,36,1946893,1946972,"fixation",79,18
"3433",3433,36,1947017,1947305,"fixation",288,18
"3436",3436,36,1947360,1947551,"fixation",191,18
"3440",3440,36,1947879,1947956,"fixation",77,18
"3443",3443,36,1947999,1948182,"fixation",183,18
"3446",3446,36,1948228,1948360,"fixation",132,18
"3448",3448,36,1948388,1948592,"fixation",204,18
"3450",3450,36,1948633,1948826,"fixation",193,18
"3453",3453,36,1948865,1949183,"fixation",318,18
"3456",3456,36,1949245,1949670,"fixation",425,18
"3458",3458,36,1949696,1949874,"fixation",178,18
"3461",3461,36,1949920,1950050,"fixation",130,18
"3464",3464,36,1950106,1950227,"fixation",121,18
"3467",3467,36,1950295,1950439,"fixation",144,18
"3470",3470,36,1950519,1950653,"fixation",134,18
"3471",3471,37,1958434,1958583,"fixation",149,18
"3474",3474,37,1958638,1958825,"fixation",187,18
"3477",3477,37,1958885,1959071,"fixation",186,18
"3481",3481,37,1959403,1959752,"fixation",349,18
"3485",3485,37,1959945,1960250,"fixation",305,18
"3487",3487,37,1960287,1960716,"fixation",429,18
"3490",3490,37,1960787,1961293,"fixation",506,18
"3493",3493,37,1961351,1961576,"fixation",225,18
"3496",3496,37,1961636,1962061,"fixation",425,18
"3499",3499,37,1962110,1962270,"fixation",160,18
"3500",3500,38,1812352,1812416,"fixation",64,18
"3502",3502,38,1812444,1812558,"fixation",114,18
"3504",3504,38,1812612,1812897,"fixation",285,18
"3506",3506,38,1813038,1813185,"fixation",147,18
"3510",3510,38,1813553,1814010,"fixation",457,18
"3513",3513,38,1814079,1814339,"fixation",260,18
"3516",3516,38,1814427,1814628,"fixation",201,18
"3517",3517,39,1762019,1762093,"fixation",74,18
"3519",3519,39,1762119,1762294,"fixation",175,18
"3521",3521,39,1762339,1762524,"fixation",185,18
"3524",3524,39,1762572,1762718,"fixation",146,18
"3527",3527,39,1762803,1763021.5,"fixation",218.5,18
"3529",3529,40,1819839,1819987,"fixation",148,18
"3532",3532,40,1820049,1820169,"fixation",120,18
"3535",3535,40,1820232,1820434,"fixation",202,18
"3538",3538,40,1820553,1820612,"fixation",59,18
"3539",3539,1,5511925,5512136,"fixation",211,19
"3542",3542,1,5512211,5512301,"fixation",90,19
"3545",3545,1,5512369,5512495,"fixation",126,19
"3548",3548,1,5512555,5513019,"fixation",464,19
"3551",3551,1,5513104,5513320,"fixation",216,19
"3554",3554,1,5513390,5513865,"fixation",475,19
"3557",3557,1,5513927,5514284,"fixation",357,19
"3560",3560,2,5642705,5642861,"fixation",156,19
"3563",3563,2,5642947,5643147,"fixation",200,19
"3566",3566,2,5643203,5643518,"fixation",315,19
"3569",3569,2,5643582,5643675,"fixation",93,19
"3572",3572,2,5643745,5643826,"fixation",81,19
"3575",3575,2,5643876,5644045,"fixation",169,19
"3578",3578,2,5644159,5644325,"fixation",166,19
"3581",3581,3,5517469,5517632,"fixation",163,19
"3584",3584,3,5517692,5517820,"fixation",128,19
"3587",3587,3,5517893,5518136,"fixation",243,19
"3590",3590,3,5518224,5518450,"fixation",226,19
"3592",3592,3,5518497,5518667,"fixation",170,19
"3595",3595,3,5518748,5518948,"fixation",200,19
"3598",3598,3,5519007,5519181,"fixation",174,19
"3601",3601,3,5519270,5519393,"fixation",123,19
"3604",3604,3,5519464,5519577,"fixation",113,19
"3607",3607,3,5519640,5519762,"fixation",122,19
"3610",3610,3,5519844,5519965,"fixation",121,19
"3612",3612,4,5339894,5340094,"fixation",200,19
"3615",3615,4,5340128,5340345,"fixation",217,19
"3618",3618,4,5340416,5340550,"fixation",134,19
"3621",3621,4,5340622,5340734,"fixation",112,19
"3624",3624,4,5340801,5340953,"fixation",152,19
"3627",3627,4,5341025,5341196,"fixation",171,19
"3630",3630,4,5341252,5341624,"fixation",372,19
"3632",3632,5,5347893,5348126,"fixation",233,19
"3635",3635,5,5348212,5348349,"fixation",137,19
"3638",3638,5,5348419,5348841,"fixation",422,19
"3641",3641,5,5348875,5348984,"fixation",109,19
"3644",3644,5,5349034,5349262,"fixation",228,19
"3646",3646,5,5349398,5349588,"fixation",190,19
"3647",3647,6,5335564,5335694,"fixation",130,19
"3650",3650,6,5335752,5335879,"fixation",127,19
"3653",3653,6,5335962,5336106,"fixation",144,19
"3656",3656,6,5336168,5336280,"fixation",112,19
"3659",3659,6,5336365,5336518,"fixation",153,19
"3662",3662,6,5336566,5336681,"fixation",115,19
"3665",3665,6,5336742,5337046,"fixation",304,19
"3668",3668,6,5337134,5337361,"fixation",227,19
"3669",3669,7,5573397,5573655,"fixation",258,19
"3672",3672,7,5573740,5573885,"fixation",145,19
"3675",3675,7,5573953,5574181,"fixation",228,19
"3678",3678,7,5574224,5574400,"fixation",176,19
"3680",3680,7,5574441,5574718,"fixation",277,19
"3683",3683,7,5574768,5574829,"fixation",61,19
"3684",3684,8,5646383,5646720,"fixation",337,19
"3687",3687,8,5646794,5646942,"fixation",148,19
"3690",3690,8,5647020,5647291,"fixation",271,19
"3693",3693,8,5647334,5647578,"fixation",244,19
"3696",3696,8,5647612,5647749,"fixation",137,19
"3699",3699,8,5647858,5648002,"fixation",144,19
"3702",3702,8,5648070,5648429,"fixation",359,19
"3703",3703,9,5638510,5638648,"fixation",138,19
"3706",3706,9,5638710,5638837,"fixation",127,19
"3709",3709,9,5638896,5639042,"fixation",146,19
"3712",3712,9,5639112,5639300,"fixation",188,19
"3714",3714,9,5639416,5639718,"fixation",302,19
"3717",3717,9,5639766,5639932,"fixation",166,19
"3719",3719,10,5373226,5373407,"fixation",181,19
"3722",3722,10,5373469,5373641,"fixation",172,19
"3725",3725,10,5373705,5373882,"fixation",177,19
"3728",3728,10,5373923,5374071,"fixation",148,19
"3731",3731,10,5374117,5374316,"fixation",199,19
"3735",3735,10,5374518,5374713,"fixation",195,19
"3738",3738,10,5374776,5375009,"fixation",233,19
"3741",3741,10,5375041,5375204,"fixation",163,19
"3744",3744,10,5375248,5375395,"fixation",147,19
"3747",3747,10,5375471,5375635,"fixation",164,19
"3748",3748,11,5550441,5550695,"fixation",254,19
"3751",3751,11,5550759,5550912,"fixation",153,19
"3754",3754,11,5550982,5551089,"fixation",107,19
"3757",3757,11,5551163,5551356,"fixation",193,19
"3760",3760,11,5551445,5551663,"fixation",218,19
"3763",3763,11,5551753,5551927,"fixation",174,19
"3766",3766,11,5552008,5552212,"fixation",204,19
"3770",3770,12,5727519,5727657,"fixation",138,19
"3773",3773,12,5727718,5727839,"fixation",121,19
"3776",3776,12,5727897,5728041,"fixation",144,19
"3779",3779,12,5728105,5728336,"fixation",231,19
"3782",3782,12,5728429,5728824,"fixation",395,19
"3784",3784,12,5728906,5728973,"fixation",67,19
"3786",3786,13,5580730,5580862,"fixation",132,19
"3789",3789,13,5580910,5581084,"fixation",174,19
"3792",3792,13,5581142,5581365,"fixation",223,19
"3795",3795,13,5581435,5581583,"fixation",148,19
"3798",3798,13,5581638,5581795,"fixation",157,19
"3801",3801,13,5581896,5582030,"fixation",134,19
"3804",3804,13,5582089,5582198,"fixation",109,19
"3805",3805,14,5708629,5708825,"fixation",196,19
"3808",3808,14,5708887,5709120,"fixation",233,19
"3811",3811,14,5709180,5709308,"fixation",128,19
"3813",3813,14,5709356,5709640,"fixation",284,19
"3815",3815,14,5709736,5709901,"fixation",165,19
"3818",3818,14,5709962,5710172,"fixation",210,19
"3821",3821,15,5650322,5650532,"fixation",210,19
"3824",3824,15,5650602,5650815,"fixation",213,19
"3827",3827,15,5650895,5651018,"fixation",123,19
"3830",3830,15,5651106,5651326,"fixation",220,19
"3833",3833,15,5651387,5651485,"fixation",98,19
"3836",3836,15,5651542,5651671,"fixation",129,19
"3839",3839,15,5651791,5651909,"fixation",118,19
"3840",3840,16,5351735,5351993,"fixation",258,19
"3843",3843,16,5352061,5352202,"fixation",141,19
"3846",3846,16,5352269,5352505,"fixation",236,19
"3849",3849,16,5352559,5352707,"fixation",148,19
"3852",3852,16,5352734,5352909,"fixation",175,19
"3855",3855,16,5353055,5353214,"fixation",159,19
"3857",3857,16,5353276,5353291,"fixation",15,19
"3858",3858,17,5576821,5577027,"fixation",206,19
"3861",3861,17,5577112,5577289,"fixation",177,19
"3864",3864,17,5577361,5577526,"fixation",165,19
"3867",3867,17,5577594,5577744,"fixation",150,19
"3870",3870,17,5577821,5578005,"fixation",184,19
"3873",3873,17,5578045,5578131,"fixation",86,19
"3876",3876,17,5578187,5578326,"fixation",139,19
"3879",3879,17,5578418,5578556,"fixation",138,19
"3882",3882,17,5578622,5578845,"fixation",223,19
"3883",3883,18,5584228,5584340,"fixation",112,19
"3886",3886,18,5584402,5584575,"fixation",173,19
"3889",3889,18,5584645,5584813,"fixation",168,19
"3892",3892,18,5584871,5585022,"fixation",151,19
"3895",3895,18,5585106,5585404,"fixation",298,19
"3898",3898,18,5585474,5585645,"fixation",171,19
"3901",3901,18,5585712,5585829,"fixation",117,19
"3902",3902,19,5495816,5496040,"fixation",224,19
"3905",3905,19,5496099,5496233,"fixation",134,19
"3908",3908,19,5496299,5496536,"fixation",237,19
"3911",3911,19,5496577,5496730,"fixation",153,19
"3914",3914,19,5496823,5497021,"fixation",198,19
"3917",3917,19,5497068,5497178,"fixation",110,19
"3920",3920,19,5497243,5497400,"fixation",157,19
"3923",3923,19,5497465,5497619,"fixation",154,19
"3926",3926,19,5497695,5497912,"fixation",217,19
"3929",3929,19,5497970,5498012,"fixation",42,19
"3930",3930,20,5343432,5343551,"fixation",119,19
"3933",3933,20,5343603,5343739,"fixation",136,19
"3936",3936,20,5343821,5343950,"fixation",129,19
"3939",3939,20,5344015,5344157,"fixation",142,19
"3942",3942,20,5344226,5344445,"fixation",219,19
"3945",3945,20,5344561,5344818,"fixation",257,19
"3948",3948,20,5344849,5345011,"fixation",162,19
"3949",3949,21,5712963,5713136,"fixation",173,19
"3952",3952,21,5713198,5713309,"fixation",111,19
"3955",3955,21,5713374,5713497,"fixation",123,19
"3958",3958,21,5713557,5713719,"fixation",162,19
"3961",3961,21,5713762,5714002,"fixation",240,19
"3964",3964,21,5714055,5714193,"fixation",138,19
"3967",3967,21,5714289,5714427,"fixation",138,19
"3970",3970,21,5714482,5714716,"fixation",234,19
"3973",3973,21,5714756,5714981,"fixation",225,19
"3974",3974,22,5671145,5671388,"fixation",243,19
"3976",3976,22,5671440,5671632,"fixation",192,19
"3979",3979,22,5671699,5671847,"fixation",148,19
"3982",3982,22,5671916,5672144,"fixation",228,19
"3985",3985,22,5672206,5672421,"fixation",215,19
"3988",3988,22,5672474,5672693,"fixation",219,19
"3989",3989,23,5721932,5722007,"fixation",75,19
"3992",3992,23,5722047,5722170,"fixation",123,19
"3995",3995,23,5722242,5722379,"fixation",137,19
"3998",3998,23,5722445,5722557,"fixation",112,19
"4001",4001,23,5722618,5722837,"fixation",219,19
"4004",4004,23,5722878,5723037,"fixation",159,19
"4007",4007,23,5723091,5723231,"fixation",140,19
"4010",4010,23,5723277,5723413,"fixation",136,19
"4013",4013,23,5723502,5723646,"fixation",144,19
"4016",4016,23,5723706,5723883,"fixation",177,19
"4019",4019,23,5723930,5723981,"fixation",51,19
"4020",4020,24,5546270,5546496,"fixation",226,19
"4023",4023,24,5546564,5546751,"fixation",187,19
"4026",4026,24,5546817,5547030,"fixation",213,19
"4029",4029,24,5547106,5547243,"fixation",137,19
"4032",4032,24,5547306,5547427,"fixation",121,19
"4035",4035,24,5547493,5547706,"fixation",213,19
"4038",4038,24,5547780,5547935,"fixation",155,19
"4041",4041,24,5548006,5548208,"fixation",202,19
"4044",4044,24,5548267,5548517,"fixation",250,19
"4045",4045,25,5541482,5541654,"fixation",172,19
"4048",4048,25,5541714,5541814,"fixation",100,19
"4051",4051,25,5541883,5542240,"fixation",357,19
"4054",4054,25,5542307,5542474,"fixation",167,19
"4057",4057,25,5542554,5542714,"fixation",160,19
"4060",4060,25,5542780,5543236,"fixation",456,19
"4063",4063,25,5543380,5543580,"fixation",200,19
"4066",4066,25,5543653,5543725,"fixation",72,19
"4067",4067,26,5717545,5717802,"fixation",257,19
"4070",4070,26,5717877,5718038,"fixation",161,19
"4073",4073,26,5718132,5718260,"fixation",128,19
"4076",4076,26,5718319,5718669,"fixation",350,19
"4079",4079,26,5718702,5718927,"fixation",225,19
"4082",4082,26,5719069,5719378,"fixation",309,19
"4085",4085,26,5719420,5719501,"fixation",81,19
"4086",4086,27,5680800,5681007,"fixation",207,19
"4089",4089,27,5681064,5681210,"fixation",146,19
"4092",4092,27,5681262,5681385,"fixation",123,19
"4095",4095,27,5681447,5681646,"fixation",199,19
"4098",4098,27,5681708,5681828,"fixation",120,19
"4101",4101,27,5681921,5682106,"fixation",185,19
"4104",4104,27,5682165,5682373,"fixation",208,19
"4105",4105,28,5505895,5506109,"fixation",214,19
"4108",4108,28,5506174,5506302,"fixation",128,19
"4111",4111,28,5506368,5506583,"fixation",215,19
"4114",4114,28,5506657,5506845,"fixation",188,19
"4117",4117,28,5506912,5507097,"fixation",185,19
"4120",4120,28,5507156,5507328,"fixation",172,19
"4123",4123,28,5507438,5507693,"fixation",255,19
"4126",4126,28,5507762,5507940,"fixation",178,19
"4129",4129,28,5508002,5508120,"fixation",118,19
"4132",4132,28,5508193,5508436,"fixation",243,19
"4135",4135,28,5508515,5508960,"fixation",445,19
"4138",4138,28,5509027,5509228,"fixation",201,19
"4142",4142,29,5635238,5635373,"fixation",135,19
"4145",4145,29,5635445,5635573,"fixation",128,19
"4148",4148,29,5635637,5635793,"fixation",156,19
"4151",4151,29,5635854,5636045,"fixation",191,19
"4154",4154,29,5636122,5636273,"fixation",151,19
"4157",4157,29,5636361,5636645,"fixation",284,19
"4158",4158,30,5676569,5676762,"fixation",193,19
"4161",4161,30,5676817,5676978,"fixation",161,19
"4164",4164,30,5677030,5677155,"fixation",125,19
"4167",4167,30,5677212,5677428,"fixation",216,19
"4170",4170,30,5677511,5677707,"fixation",196,19
"4173",4173,30,5677770,5677936,"fixation",166,19
"4176",4176,30,5678002,5678210,"fixation",208,19
"4179",4179,30,5678288,5678475,"fixation",187,19
"4182",4182,30,5678531,5678698,"fixation",167,19
"4185",4185,30,5678758,5678839,"fixation",81,19
"4186",4186,31,5553925,5554086,"fixation",161,19
"4189",4189,31,5554152,5554345,"fixation",193,19
"4192",4192,31,5554405,5554533,"fixation",128,19
"4195",4195,31,5554593,5554819,"fixation",226,19
"4198",4198,31,5554886,5555022,"fixation",136,19
"4201",4201,31,5555160,5555319,"fixation",159,19
"4204",4204,31,5555373,5555518,"fixation",145,19
"4205",4205,32,5587433,5587597,"fixation",164,19
"4208",4208,32,5587651,5587775,"fixation",124,19
"4211",4211,32,5587851,5587994,"fixation",143,19
"4214",4214,32,5588060,5588244,"fixation",184,19
"4217",4217,32,5588299,5588519,"fixation",220,19
"4220",4220,32,5588596,5588902,"fixation",306,19
"4223",4223,32,5588949,5589118,"fixation",169,19
"4227",4227,34,5386776,5387015,"fixation",239,19
"4230",4230,34,5387091,5387238,"fixation",147,19
"4233",4233,34,5387295,5387495,"fixation",200,19
"4236",4236,34,5387631,5387779,"fixation",148,19
"4239",4239,34,5387811,5388011,"fixation",200,19
"4240",4240,35,5390867,5391130,"fixation",263,19
"4243",4243,35,5391196,5391415,"fixation",219,19
"4246",4246,35,5391486,5391655,"fixation",169,19
"4249",4249,35,5391766,5392013,"fixation",247,19
"4252",4252,35,5392067,5392221,"fixation",154,19
"4255",4255,35,5392305,5392453,"fixation",148,19
"4258",4258,35,5392492,5392547,"fixation",55,19
"4259",4259,36,5538071,5538288,"fixation",217,19
"4262",4262,36,5538352,5538547,"fixation",195,19
"4265",4265,36,5538621,5538920,"fixation",299,19
"4268",4268,36,5538987,5539290,"fixation",303,19
"4271",4271,36,5539366,5539463,"fixation",97,19
"4274",4274,36,5539528,5539682,"fixation",154,19
"4277",4277,36,5539761,5539828,"fixation",67,19
"4278",4278,37,5685321,5685603,"fixation",282,19
"4281",4281,37,5685670,5685802,"fixation",132,19
"4284",4284,37,5685863,5686059,"fixation",196,19
"4287",4287,37,5686099,5686282,"fixation",183,19
"4290",4290,37,5686338,5686484,"fixation",146,19
"4293",4293,37,5686576,5686732,"fixation",156,19
"4296",4296,37,5686805,5686957,"fixation",152,19
"4299",4299,37,5687013,5687149,"fixation",136,19
"4300",4300,38,5382285,5382445,"fixation",160,19
"4303",4303,38,5382507,5382646,"fixation",139,19
"4306",4306,38,5382737,5382894,"fixation",157,19
"4309",4309,38,5382959,5383148,"fixation",189,19
"4312",4312,38,5383223,5383387,"fixation",164,19
"4315",4315,38,5383486,5383691,"fixation",205,19
"4316",4316,39,5689206,5689330,"fixation",124,19
"4319",4319,39,5689386,5689549,"fixation",163,19
"4322",4322,39,5689618,5689752,"fixation",134,19
"4325",4325,39,5689810,5690108,"fixation",298,19
"4328",4328,39,5690208,5690334,"fixation",126,19
"4331",4331,39,5690393,5690779,"fixation",386,19
"4334",4334,39,5690833,5690869,"fixation",36,19
"4335",4335,40,5378031,5378221,"fixation",190,19
"4338",4338,40,5378274,5378443,"fixation",169,19
"4341",4341,40,5378494,5378609,"fixation",115,19
"4344",4344,40,5378680,5378853,"fixation",173,19
"4347",4347,40,5378955,5379135,"fixation",180,19
"4350",4350,40,5379197,5379461,"fixation",264,19
"4353",4353,40,5379539,5379675,"fixation",136,19
"4356",4356,40,5379765,5379857,"fixation",92,19
"4358",4358,40,5379939,5379986,"fixation",47,19
"4359",4359,1,9191603,9191657,"fixation",54,20
"4362",4362,1,9191719,9191918,"fixation",199,20
"4365",4365,1,9191984,9192172,"fixation",188,20
"4368",4368,1,9192212,9192371,"fixation",159,20
"4371",4371,1,9192429,9192802,"fixation",373,20
"4374",4374,1,9192855,9193034,"fixation",179,20
"4377",4377,1,9193105,9193242,"fixation",137,20
"4380",4380,1,9193299,9193534,"fixation",235,20
"4383",4383,1,9193603,9193863,"fixation",260,20
"4386",4386,1,9193913,9194210,"fixation",297,20
"4389",4389,1,9194278,9194315,"fixation",37,20
"4391",4391,3,9378181,9378359,"fixation",178,20
"4394",4394,3,9378416,9378648,"fixation",232,20
"4397",4397,3,9378721,9378845,"fixation",124,20
"4400",4400,3,9378918,9379010,"fixation",92,20
"4403",4403,3,9379060,9379337,"fixation",277,20
"4405",4405,3,9379355,9379521,"fixation",166,20
"4408",4408,3,9379563,9379701,"fixation",138,20
"4411",4411,3,9379731,9379772,"fixation",41,20
"4414",4414,3,9379847,9379972,"fixation",125,20
"4417",4417,3,9380003,9380237,"fixation",234,20
"4418",4418,4,9258819,9258991,"fixation",172,20
"4421",4421,4,9259044,9259167,"fixation",123,20
"4424",4424,4,9259228,9259449,"fixation",221,20
"4427",4427,4,9259512,9259652,"fixation",140,20
"4430",4430,4,9259719,9259905,"fixation",186,20
"4433",4433,4,9259963,9260117,"fixation",154,20
"4436",4436,4,9260203,9260399,"fixation",196,20
"4439",4439,4,9260452,9260627,"fixation",175,20
"4440",4440,5,9450138,9450172,"fixation",34,20
"4443",4443,5,9450211,9450406,"fixation",195,20
"4446",4446,5,9450459,9450620,"fixation",161,20
"4449",4449,5,9450681,9450753,"fixation",72,20
"4452",4452,5,9450809,9450892,"fixation",83,20
"4454",4454,5,9450938,9451094,"fixation",156,20
"4456",4456,5,9451140,9451258,"fixation",118,20
"4461",4461,5,9451582,9451746,"fixation",164,20
"4464",4464,5,9451799,9451872,"fixation",73,20
"4467",4467,5,9451938,9452129,"fixation",191,20
"4470",4470,5,9452163,9452206,"fixation",43,20
"4471",4471,6,9297918,9298112,"fixation",194,20
"4474",4474,6,9298176,9298351,"fixation",175,20
"4477",4477,6,9298415,9298602,"fixation",187,20
"4480",4480,6,9298653,9298953,"fixation",300,20
"4483",4483,6,9298991,9299090,"fixation",99,20
"4486",4486,6,9299150,9299435,"fixation",285,20
"4487",4487,7,9454163,9454330,"fixation",167,20
"4490",4490,7,9454400,9454537,"fixation",137,20
"4493",4493,7,9454600,9454712,"fixation",112,20
"4496",4496,7,9454784,9454990,"fixation",206,20
"4499",4499,7,9455058,9455199,"fixation",141,20
"4502",4502,7,9455249,9455511,"fixation",262,20
"4505",4505,7,9455564,9455660,"fixation",96,20
"4508",4508,7,9455729,9455835,"fixation",106,20
"4511",4511,7,9455876,9455981,"fixation",105,20
"4514",4514,7,9456072,9456181,"fixation",109,20
"4517",4517,8,9267982,9268152,"fixation",170,20
"4520",4520,8,9268218,9268347,"fixation",129,20
"4523",4523,8,9268408,9268667,"fixation",259,20
"4526",4526,8,9268711,9269008,"fixation",297,20
"4529",4529,8,9269068,9269196,"fixation",128,20
"4532",4532,8,9269266,9269832,"fixation",566,20
"4535",4535,8,9269898,9270050,"fixation",152,20
"4538",4538,8,9270122,9270243,"fixation",121,20
"4539",4539,9,9028880,9029046,"fixation",166,20
"4542",4542,9,9029108,9029300,"fixation",192,20
"4545",4545,9,9029368,9029576,"fixation",208,20
"4548",4548,9,9029642,9029763,"fixation",121,20
"4551",4551,9,9029819,9030066,"fixation",247,20
"4554",4554,9,9030152,9030459,"fixation",307,20
"4557",4557,9,9030519,9030585,"fixation",66,20
"4560",4560,9,9030676,9031039,"fixation",363,20
"4563",4563,9,9031095,9031344,"fixation",249,20
"4566",4566,9,9031387,9031450,"fixation",63,20
"4567",4567,10,9006551,9006722,"fixation",171,20
"4570",4570,10,9006807,9006974,"fixation",167,20
"4573",4573,10,9007059,9007255,"fixation",196,20
"4576",4576,10,9007337,9007523,"fixation",186,20
"4579",4579,10,9007576,9007703,"fixation",127,20
"4582",4582,10,9007764,9007912,"fixation",148,20
"4585",4585,10,9007971,9008262,"fixation",291,20
"4588",4588,10,9008320,9008518,"fixation",198,20
"4591",4591,10,9008593,9008665,"fixation",72,20
"4594",4594,10,9008941,9009231,"fixation",290,20
"4597",4597,10,9009288,9009401,"fixation",113,20
"4600",4600,10,9009472,9009513,"fixation",41,20
"4601",4601,11,9311298,9311330,"fixation",32,20
"4604",4604,11,9311372,9311533,"fixation",161,20
"4607",4607,11,9311596,9311725,"fixation",129,20
"4610",4610,11,9311770,9311942,"fixation",172,20
"4613",4613,11,9312006,9312056,"fixation",50,20
"4616",4616,11,9312169,9312501,"fixation",332,20
"4620",4620,11,9312841,9312932,"fixation",91,20
"4625",4625,11,9313079,9313123,"fixation",44,20
"4628",4628,11,9313189,9313333,"fixation",144,20
"4631",4631,11,9313387,9313545,"fixation",158,20
"4634",4634,11,9313620,9313762,"fixation",142,20
"4637",4637,12,9398418,9398607,"fixation",189,20
"4640",4640,12,9398674,9398849,"fixation",175,20
"4643",4643,12,9398915,9399184,"fixation",269,20
"4646",4646,12,9399252,9399385,"fixation",133,20
"4649",4649,12,9399468,9399636,"fixation",168,20
"4652",4652,12,9399713,9399827,"fixation",114,20
"4655",4655,12,9399926,9399989,"fixation",63,20
"4658",4658,13,9442655,9442823,"fixation",168,20
"4661",4661,13,9442889,9443164,"fixation",275,20
"4664",4664,13,9443239,9443380,"fixation",141,20
"4667",4667,13,9443467,9443556,"fixation",89,20
"4670",4670,13,9443619,9443741,"fixation",122,20
"4673",4673,13,9443817,9443952,"fixation",135,20
"4676",4676,13,9444021,9444239,"fixation",218,20
"4679",4679,13,9444307,9444660,"fixation",353,20
"4682",4682,13,9444889,9445219,"fixation",330,20
"4685",4685,13,9445288,9445467,"fixation",179,20
"4688",4688,13,9445543,9445606,"fixation",63,20
"4689",4689,14,9401883,9402013,"fixation",130,20
"4692",4692,14,9402070,9402174,"fixation",104,20
"4695",4695,14,9402251,9402403,"fixation",152,20
"4698",4698,14,9402467,9402670,"fixation",203,20
"4701",4701,14,9402735,9402948,"fixation",213,20
"4704",4704,14,9403017,9403227,"fixation",210,20
"4707",4707,14,9403299,9403457,"fixation",158,20
"4710",4710,14,9403512,9403691,"fixation",179,20
"4713",4713,14,9403758,9403912,"fixation",154,20
"4716",4716,14,9403988,9404069,"fixation",81,20
"4719",4719,15,9356923,9357114,"fixation",191,20
"4722",4722,15,9357205,9357318,"fixation",113,20
"4725",4725,15,9357374,9357686,"fixation",312,20
"4728",4728,15,9357758,9357970,"fixation",212,20
"4731",4731,15,9358038,9358225,"fixation",187,20
"4734",4734,15,9358301,9358513,"fixation",212,20
"4737",4737,15,9358588,9358723,"fixation",135,20
"4740",4740,15,9358793,9359020,"fixation",227,20
"4741",4741,16,9417725,9417967,"fixation",242,20
"4744",4744,16,9418037,9418170,"fixation",133,20
"4747",4747,16,9418231,9418391,"fixation",160,20
"4750",4750,16,9418434,9418541,"fixation",107,20
"4753",4753,16,9418645,9418689,"fixation",44,20
"4756",4756,16,9418764,9418882,"fixation",118,20
"4759",4759,16,9418985,9419113,"fixation",128,20
"4762",4762,16,9419162,9419217,"fixation",55,20
"4765",4765,16,9419309,9419483,"fixation",174,20
"4768",4768,16,9419564,9419621,"fixation",57,20
"4769",4769,17,9218959,9219129,"fixation",170,20
"4772",4772,17,9219194,9219276,"fixation",82,20
"4775",4775,17,9219466,9219604,"fixation",138,20
"4778",4778,17,9219659,9219975,"fixation",316,20
"4781",4781,17,9220057,9220308,"fixation",251,20
"4784",4784,17,9220374,9220578,"fixation",204,20
"4787",4787,17,9220635,9220790,"fixation",155,20
"4790",4790,17,9220848,9221060,"fixation",212,20
"4793",4793,17,9221127,9221655,"fixation",528,20
"4796",4796,17,9221730,9221972,"fixation",242,20
"4799",4799,17,9222038,9222299,"fixation",261,20
