"","trial","start_time","end_time","label","duration","subject"
"1",1,12568962,12568998,"unclear",36,11
"2",1,12568999,12569141,"fixation",142,11
"3",1,12569142,12569197,"saccade",55,11
"4",1,12569198,12569214,"pso",16,11
"5",1,12569215,12569453,"fixation",238,11
"6",1,12569454,12569498,"saccade",44,11
"7",1,12569499,12569506,"pso",7,11
"8",1,12569507,12569659,"fixation",152,11
"9",1,12569660,12569706,"saccade",46,11
"10",1,12569707,12569719,"pso",12,11
"11",1,12569720,12569889,"fixation",169,11
"12",1,12569890,12569911,"saccade",21,11
"13",1,12569912,12569967,"pso",55,11
"14",1,12569968,12570125,"fixation",157,11
"15",1,12570126,12570177,"saccade",51,11
"16",1,12570178,12570197,"pso",19,11
"17",1,12570198,12570402,"fixation",204,11
"18",1,12570403,12570457,"saccade",54,11
"19",1,12570458,12570477,"pso",19,11
"20",1,12570478,12570681,"fixation",203,11
"21",1,12570682,12570708,"saccade",26,11
"22",2,12419411,12419579,"fixation",168,11
"23",2,12419580,12419624,"saccade",44,11
"24",2,12419625,12419648,"pso",23,11
"25",2,12419649,12420169,"fixation",520,11
"26",2,12420170,12420182,"saccade",12,11
"27",2,12420183,12420203,"pso",20,11
"28",2,12420204,12420302,"fixation",98,11
"29",2,12420303,12420341,"saccade",38,11
"30",2,12420342,12420567,"fixation",225,11
"31",2,12420568,12420611,"saccade",43,11
"32",2,12420612,12420630,"pso",18,11
"33",2,12420631,12421005,"fixation",374,11
"34",2,12421006,12421052,"saccade",46,11
"35",2,12421053,12421078,"pso",25,11
"36",2,12421079,12421276,"fixation",197,11
"37",2,12421277,12421292,"saccade",15,11
"38",2,12421293,12421329,"pso",36,11
"39",2,12421330,12421375,"fixation",45,11
"40",2,12421376,12421391,"fixation",15,11
"41",2,12421481,12421527,"unclear",46,11
"42",2,12421528,12421572,"fixation",44,11
"43",2,12421573,12421611,"saccade",38,11
"44",2,12421612,12421626,"pso",14,11
"45",2,12421627,12421785,"fixation",158,11
"46",2,12421786,12421832,"saccade",46,11
"47",2,12421833,12421844,"pso",11,11
"48",2,12421845,12422007,"fixation",162,11
"49",2,12422008,12422066,"saccade",58,11
"50",2,12422067,12422088,"pso",21,11
"51",2,12422089,12422522,"fixation",433,11
"52",2,12422523,12422574,"saccade",51,11
"53",2,12422575,12422595,"pso",20,11
"54",2,12422596,12422782,"fixation",186,11
"55",2,12422783,12422828,"saccade",45,11
"56",2,12422829,12422843,"pso",14,11
"57",2,12422844,12423030,"fixation",186,11
"58",2,12423031,12423083,"saccade",52,11
"59",2,12423084,12423102,"pso",18,11
"60",2,12423103,12423366,"fixation",263,11
"61",2,12423367,12423392,"unclear",25,11
"62",2,12423393,12423494,"fixation",101,11
"63",2,12423495,12423541,"saccade",46,11
"64",3,12535028,12535207,"fixation",179,11
"65",3,12535208,12535284,"saccade",76,11
"66",3,12535285,12535305,"pso",20,11
"67",3,12535306,12535587,"fixation",281,11
"68",3,12535588,12535634,"saccade",46,11
"69",3,12535635,12535653,"pso",18,11
"70",3,12535654,12535883,"fixation",229,11
"71",3,12535884,12535925,"saccade",41,11
"72",3,12535926,12535954,"pso",28,11
"73",3,12535955,12536189,"fixation",234,11
"74",3,12536190,12536223,"saccade",33,11
"75",3,12536224,12536246,"pso",22,11
"76",3,12536247,12536278,"fixation",31,11
"77",3,12536279,12536352,"saccade",73,11
"78",3,12536353,12536370,"pso",17,11
"79",3,12536371,12536506,"fixation",135,11
"80",3,12536507,12536521,"saccade",14,11
"81",3,12536522,12536538,"pso",16,11
"82",3,12536539,12537067,"fixation",528,11
"83",3,12537068,12537124,"saccade",56,11
"84",3,12537125,12537140,"pso",15,11
"85",3,12537141,12537197,"fixation",56,11
"86",4,12600377,12600671,"fixation",294,11
"87",4,12600672,12600908,"saccade",236,11
"88",4,12600909,12600923,"pso",14,11
"89",4,12600924,12601021,"fixation",97,11
"90",4,12601022,12601039,"saccade",17,11
"91",4,12601040,12601067,"pso",27,11
"92",4,12601068,12601249,"fixation",181,11
"93",4,12601250,12601312,"saccade",62,11
"94",4,12601313,12601330,"pso",17,11
"95",4,12601331,12601421,"fixation",90,11
"96",4,12601422,12601460,"saccade",38,11
"97",4,12601461,12601477,"unclear",16,11
"98",4,12601478,12601634,"fixation",156,11
"99",4,12601635,12601693,"saccade",58,11
"100",4,12601694,12601707,"pso",13,11
"101",4,12601708,12601781,"fixation",73,11
"102",4,12601782,12601804,"saccade",22,11
"103",4,12601990,12602043,"saccade",53,11
"104",4,12602044,12602051,"pso",7,11
"105",4,12602052,12602192,"fixation",140,11
"106",4,12602193,12602346,"unclear",153,11
"107",4,12602347,12602383,"saccade",36,11
"108",4,12602384,12602410,"pso",26,11
"109",4,12602411,12602673,"fixation",262,11
"110",4,12602674,12602721,"saccade",47,11
"111",4,12602722,12602742,"pso",20,11
"112",4,12602743,12602868,"fixation",125,11
"113",4,12602869,12602921,"saccade",52,11
"114",4,12602922,12602939,"pso",17,11
"115",4,12602940,12603142,"fixation",202,11
"116",4,12603143,12603185,"saccade",42,11
"117",4,12603186,12603203,"pso",17,11
"118",5,12459939,12460141,"fixation",202,11
"119",5,12460142,12460201,"saccade",59,11
"120",5,12460202,12460219,"pso",17,11
"121",5,12460220,12460467,"fixation",247,11
"122",5,12460468,12460511,"saccade",43,11
"123",5,12460512,12460541,"pso",29,11
"124",5,12460542,12460852.5,"fixation",310.5,11
"125",5,12460853,12460887,"saccade",34,11
"126",5,12460888,12460905,"pso",17,11
"127",5,12460906,12461078,"fixation",172,11
"128",5,12461079,12461134,"saccade",55,11
"129",5,12461135,12461159,"pso",24,11
"130",5,12461160,12461343,"fixation",183,11
"131",5,12461344,12461395,"saccade",51,11
"132",5,12461396,12461408,"pso",12,11
"133",5,12461409,12461493,"fixation",84,11
"134",5,12461494,12461515,"saccade",21,11
"135",5,12461622,12461656,"saccade",34,11
"136",5,12461657,12461667,"pso",10,11
"137",5,12461668,12461773,"fixation",105,11
"138",5,12461774,12461848,"saccade",74,11
"139",5,12461849,12461868,"pso",19,11
"140",5,12461869,12462120,"fixation",251,11
"141",5,12462121,12462170,"saccade",49,11
"142",5,12462171,12462196,"pso",25,11
"143",5,12462197,12462316,"fixation",119,11
"144",5,12462317,12462365,"saccade",48,11
"145",6,12531060,12531351,"fixation",291,11
"146",6,12531352,12531375,"saccade",23,11
"147",6,12531492,12531534,"saccade",42,11
"148",6,12531535,12531565,"pso",30,11
"149",6,12531566,12531687,"fixation",121,11
"150",6,12531688,12531735,"saccade",47,11
"151",6,12531736,12531754,"pso",18,11
"152",6,12531755,12531889,"fixation",134,11
"153",6,12531890,12531918,"saccade",28,11
"154",6,12531919,12531936,"pso",17,11
"155",6,12531937,12532222,"fixation",285,11
"156",6,12532223,12532248,"saccade",25,11
"157",6,12532249,12532281,"pso",32,11
"158",6,12532282,12532438,"fixation",156,11
"159",6,12532439,12532456,"saccade",17,11
"160",6,12532457,12532469,"pso",12,11
"161",6,12532470,12532495,"fixation",25,11
"162",6,12532496,12532514,"unclear",18,11
"163",6,12532515,12532528,"saccade",13,11
"164",6,12532667,12532708,"saccade",41,11
"165",6,12532709,12532732,"pso",23,11
"166",6,12532733,12532935,"fixation",202,11
"167",6,12532936,12532989,"saccade",53,11
"168",6,12532990,12533207,"fixation",217,11
"169",6,12533208,12533250,"saccade",42,11
"170",6,12533251,12533383,"fixation",132,11
"171",6,12533384,12533420,"saccade",36,11
"172",6,12533421,12533503,"fixation",82,11
"173",6,12533504,12533564,"saccade",60,11
"174",6,12533565,12533585,"pso",20,11
"175",6,12533586,12533718,"fixation",132,11
"176",6,12533719,12533747,"saccade",28,11
"177",6,12533797,12533828,"saccade",31,11
"178",7,12415001,12415160,"fixation",159,11
"179",7,12415161,12415206,"saccade",45,11
"180",7,12415207,12415233,"pso",26,11
"181",7,12415234,12415404,"fixation",170,11
"182",7,12415405,12415462,"saccade",57,11
"183",8,12815376,12815674,"fixation",298,11
"184",8,12815675,12815721,"saccade",46,11
"185",8,12815722,12815742,"pso",20,11
"186",8,12815743,12815877,"fixation",134,11
"187",8,12815878,12815924,"saccade",46,11
"188",8,12815925,12815947,"pso",22,11
"189",8,12815948,12816139,"fixation",191,11
"190",8,12816140,12816213,"saccade",73,11
"191",8,12816214,12816237,"pso",23,11
"192",8,12816238,12816505,"fixation",267,11
"193",8,12816506,12816559,"saccade",53,11
"194",8,12816560,12816576,"pso",16,11
"195",8,12816577,12816624,"fixation",47,11
"196",8,12816625,12816635,"unclear",10,11
"197",8,12816636,12816645,"saccade",9,11
"198",8,12816853,12816943,"saccade",90,11
"199",8,12816944,12816960,"pso",16,11
"200",8,12816961,12817004,"fixation",43,11
"201",8,12817005,12817050,"saccade",45,11
"202",8,12817051,12817073,"pso",22,11
"203",8,12817074,12817262,"fixation",188,11
"204",8,12817263,12817303,"saccade",40,11
"205",8,12817304,12817337,"pso",33,11
"206",8,12817338,12817434,"fixation",96,11
"207",8,12817435,12817471,"saccade",36,11
"208",8,12817472,12817491,"pso",19,11
"209",8,12817492,12817655,"fixation",163,11
"210",8,12817656,12817679,"saccade",23,11
"211",8,12817680,12817708,"pso",28,11
"212",8,12817709,12817847,"fixation",138,11
"213",8,12817848,12817955,"saccade",107,11
"214",8,12817956,12817967,"unclear",11,11
"215",9,12810824,12811197,"fixation",373,11
"216",9,12811198,12811312,"saccade",114,11
"217",9,12811313,12811362,"pso",49,11
"218",9,12811363,12811437,"fixation",74,11
"219",9,12811438,12811461,"saccade",23,11
"220",9,12811462,12811479,"pso",17,11
"221",9,12811480,12811598,"fixation",118,11
"222",9,12811599,12811624,"unclear",25,11
"223",9,12811625,12811634,"saccade",9,11
"224",9,12811757,12811817,"saccade",60,11
"225",9,12811818,12811864,"pso",46,11
"226",9,12811865,12811916,"fixation",51,11
"227",9,12811917,12811952,"saccade",35,11
"228",9,12811953,12811980,"pso",27,11
"229",9,12811981,12812061,"fixation",80,11
"230",9,12812062,12812130,"saccade",68,11
"231",9,12812131,12812151,"pso",20,11
"232",9,12812152,12812344,"fixation",192,11
"233",9,12812345,12812380,"saccade",35,11
"234",9,12812381,12812394,"pso",13,11
"235",9,12812395,12812503,"fixation",108,11
"236",9,12812504,12812529,"saccade",25,11
"237",9,12812731,12812772,"saccade",41,11
"238",9,12812773,12812818,"pso",45,11
"239",9,12812819,12812966,"fixation",147,11
"240",9,12812967,12813029,"saccade",62,11
"241",9,12813030,12813045,"pso",15,11
"242",9,12813046,12813156,"fixation",110,11
"243",9,12813157,12813201,"saccade",44,11
"244",9,12813202,12813221,"pso",19,11
"245",9,12813222,12813288,"fixation",66,11
"246",10,12563627,12563893,"fixation",266,11
"247",10,12563894,12564183,"saccade",289,11
"248",10,12564184,12564290,"fixation",106,11
"249",10,12564291,12564313,"saccade",22,11
"250",10,12564314,12564360,"pso",46,11
"251",10,12564361,12564665,"fixation",304,11
"252",10,12564666,12564838,"unclear",172,11
"253",10,12564839,12564907,"saccade",68,11
"254",10,12564908,12564994,"fixation",86,11
"255",10,12564995,12565050,"saccade",55,11
"256",10,12565051,12565281,"fixation",230,11
"257",10,12565282,12565303,"saccade",21,11
"258",10,12565304,12565328,"pso",24,11
"259",10,12565329,12565425,"fixation",96,11
"260",10,12565426,12565487,"saccade",61,11
"261",10,12565488,12565510,"pso",22,11
"262",10,12565511,12565645,"fixation",134,11
"263",10,12565646,12565671,"saccade",25,11
"264",10,12565857,12565911,"saccade",54,11
"265",10,12565912,12565967,"pso",55,11
"266",10,12565968,12566046,"fixation",78,11
"267",10,12566047,12566086,"saccade",39,11
"268",10,12566087,12566284,"fixation",197,11
"269",10,12566285,12566353,"saccade",68,11
"270",10,12566354,12566390,"pso",36,11
"271",10,12566391,12566497,"fixation",106,11
"272",10,12566498,12566522,"saccade",24,11
"273",10,12566523,12566547,"pso",24,11
"274",10,12566548,12566630,"fixation",82,11
"275",10,12566631,12566700,"saccade",69,11
"276",10,12566701,12566719,"pso",18,11
"277",10,12566720,12566939,"fixation",219,11
"278",10,12566940,12567023,"saccade",83,11
"279",10,12567024,12567042,"pso",18,11
"280",10,12567043,12567238,"fixation",195,11
"281",11,12579366,12579516,"fixation",150,11
"282",11,12579517,12579572,"saccade",55,11
"283",11,12579573,12579596,"pso",23,11
"284",11,12579597,12579784,"fixation",187,11
"285",11,12579785,12579848,"saccade",63,11
"286",11,12579849,12579864,"pso",15,11
"287",11,12579865,12580010,"fixation",145,11
"288",11,12580011,12580057,"saccade",46,11
"289",11,12580058,12580075,"pso",17,11
"290",11,12580076,12580154,"fixation",78,11
"291",11,12580155,12580194,"saccade",39,11
"292",11,12580195,12580210,"pso",15,11
"293",11,12580211,12580381,"fixation",170,11
"294",11,12580382,12580449,"saccade",67,11
"295",11,12580450,12580472,"pso",22,11
"296",11,12580473,12580644,"fixation",171,11
"297",11,12580645,12580678,"saccade",33,11
"298",11,12580679,12580702,"pso",23,11
"299",11,12580703,12580915,"fixation",212,11
"300",11,12580916,12580975,"saccade",59,11
"301",11,12580976,12580994,"pso",18,11
"302",11,12580995,12581059,"fixation",64,11
"303",11,12581060,12581092,"saccade",32,11
"304",11,12581093,12581110,"pso",17,11
"305",11,12581111,12581243,"fixation",132,11
"306",11,12581244,12581253,"unclear",9,11
"307",11,12581254,12581276,"saccade",22,11
"308",11,12581367,12581408,"saccade",41,11
"309",11,12581410,12581447,"saccade",37,11
"310",11,12581448,12581460,"pso",12,11
"311",11,12581461,12581622,"fixation",161,11
"312",12,12788729,12788884,"fixation",155,11
"313",12,12788885,12788939,"saccade",54,11
"314",12,12788940,12789268,"fixation",328,11
"315",12,12789269,12789309,"saccade",40,11
"316",12,12789310,12789313,"unclear",3,11
"317",12,12789314,12789365,"saccade",51,11
"318",12,12789366,12789381,"pso",15,11
"319",12,12789382,12789560,"fixation",178,11
"320",12,12789561,12789597,"saccade",36,11
"321",12,12789598,12789609,"pso",11,11
"322",12,12789610,12789755,"fixation",145,11
"323",12,12789756,12789804,"saccade",48,11
"324",12,12789805,12789824,"pso",19,11
"325",12,12789825,12789947,"fixation",122,11
"326",12,12789948,12790036,"saccade",88,11
"327",12,12790037,12790053,"pso",16,11
"328",12,12790054,12790194,"fixation",140,11
"329",13,12611725,12611933,"fixation",208,11
"330",13,12611934,12611957,"saccade",23,11
"331",13,12612086,12612151,"saccade",65,11
"332",13,12612152,12612175,"pso",23,11
"333",13,12612176,12612361,"fixation",185,11
"334",13,12612362,12612390,"saccade",28,11
"335",13,12612391,12612418,"pso",27,11
"336",13,12612419,12612620,"fixation",201,11
"337",13,12612621,12612639,"saccade",18,11
"338",13,12612640,12612672,"pso",32,11
"339",13,12612673,12612809,"fixation",136,11
"340",13,12612810,12612834,"saccade",24,11
"341",13,12612835,12612859,"pso",24,11
"342",13,12612860,12612951,"fixation",91,11
"343",13,12612952,12613006,"saccade",54,11
"344",13,12613007,12613026,"pso",19,11
"345",13,12613027,12613143,"fixation",116,11
"346",13,12613144,12613183,"saccade",39,11
"347",13,12613184,12613199,"pso",15,11
"348",13,12613200,12613332,"fixation",132,11
"349",13,12613333,12613376,"saccade",43,11
"350",13,12613377,12613396,"pso",19,11
"351",13,12613397,12613478,"fixation",81,11
"352",13,12613479,12613505,"saccade",26,11
"353",13,12613590,12613606,"saccade",16,11
"354",14,12403028,12403281,"fixation",253,11
"355",14,12403282,12403416,"saccade",134,11
"356",14,12403417,12403439,"pso",22,11
"357",14,12403440,12403929,"fixation",489,11
"358",14,12403930,12403947,"saccade",17,11
"359",14,12403948,12403981,"pso",33,11
"360",14,12403982,12404145,"fixation",163,11
"361",14,12404146,12404189,"saccade",43,11
"362",14,12404190,12404209,"pso",19,11
"363",14,12404210,12404341,"fixation",131,11
"364",14,12404342,12404411,"saccade",69,11
"365",14,12404412,12404423,"pso",11,11
"366",14,12404424,12404642,"fixation",218,11
"367",14,12404643,12404694,"saccade",51,11
"368",14,12404695,12404715,"pso",20,11
"369",14,12404716,12405059,"fixation",343,11
"370",14,12405060,12405140,"saccade",80,11
"371",14,12405141,12405161,"pso",20,11
"372",14,12405162,12405471,"fixation",309,11
"373",14,12405472,12405516,"saccade",44,11
"374",14,12405517,12405779,"fixation",262,11
"375",14,12405780,12405806,"saccade",26,11
"376",14,12405807,12405827,"pso",20,11
"377",14,12405828,12405911,"fixation",83,11
"378",15,12407090,12407177,"fixation",87,11
"379",15,12407178,12407278,"saccade",100,11
"380",15,12407279,12407379,"fixation",100,11
"381",15,12407380,12407420,"saccade",40,11
"382",15,12407421,12407438,"pso",17,11
"383",15,12407439,12407561,"fixation",122,11
"384",15,12407562,12407619,"saccade",57,11
"385",15,12407620,12407639,"pso",19,11
"386",15,12407640,12407850,"fixation",210,11
"387",15,12407851,12407890,"saccade",39,11
"388",15,12407891,12407909,"pso",18,11
"389",15,12407910,12408064,"fixation",154,11
"390",15,12408065,12408117,"saccade",52,11
"391",15,12408118,12408137,"pso",19,11
"392",15,12408138,12408233,"fixation",95,11
"393",15,12408234,12408281,"saccade",47,11
"394",15,12408282,12408302,"pso",20,11
"395",15,12408303,12408449,"fixation",146,11
"396",15,12408450,12408504,"saccade",54,11
"397",15,12408505,12408521,"pso",16,11
"398",15,12408522,12408567,"fixation",45,11
"399",15,12408568,12408585,"saccade",17,11
"400",15,12408690,12408746,"saccade",56,11
"401",15,12408747,12408769,"pso",22,11
"402",15,12408770,12408868,"fixation",98,11
"403",15,12408869,12408930,"saccade",61,11
"404",15,12408931,12408949,"pso",18,11
"405",15,12408950,12409197,"fixation",247,11
"406",15,12409198,12409232,"saccade",34,11
"407",15,12409233,12409257,"pso",24,11
"408",15,12409258,12409509,"fixation",251,11
"409",15,12409510,12409549,"saccade",39,11
"410",15,12409550,12409587,"pso",37,11
"411",15,12409588,12409635,"fixation",47,11
"412",15,12409636,12409671,"saccade",35,11
"413",15,12409672,12409682,"pso",10,11
"414",15,12409683,12409750,"fixation",67,11
"415",15,12409751,12409809,"saccade",58,11
"416",15,12409810,12410008,"fixation",198,11
"417",15,12410009,12410028,"saccade",19,11
"418",15,12410029,12410036,"pso",7,11
"419",15,12410037,12410208,"fixation",171,11
"420",15,12410209,12410226,"saccade",17,11
"421",15,12410227,12410234,"pso",7,11
"422",15,12410235,12410364,"fixation",129,11
"423",15,12410365,12410394,"saccade",29,11
"424",15,12410497,12410533,"saccade",36,11
"425",16,12757227,12757263,"fixation",36,11
"426",16,12757264,12757293,"saccade",29,11
"427",16,12757294,12757319,"pso",25,11
"428",16,12757320,12757451,"fixation",131,11
"429",16,12757452,12757517,"saccade",65,11
"430",16,12757518,12757531,"pso",13,11
"431",16,12757532,12757959,"fixation",427,11
"432",16,12757960,12757994,"saccade",34,11
"433",16,12757995,12758120,"fixation",125,11
"434",16,12758121,12758138,"saccade",17,11
"435",16,12758269,12758328,"saccade",59,11
"436",16,12758329,12758339,"pso",10,11
"437",16,12758340,12758418,"fixation",78,11
"438",16,12758419,12758474,"saccade",55,11
"439",16,12758475,12758483,"pso",8,11
"440",16,12758484,12758687,"fixation",203,11
"441",16,12758688,12758740,"saccade",52,11
"442",16,12758741,12758754,"pso",13,11
"443",16,12758755,12758828,"fixation",73,11
"444",16,12758829,12758862,"saccade",33,11
"445",16,12759094,12759120,"saccade",26,11
"446",17,12782721,12782850,"fixation",129,11
"447",17,12782851,12782932,"saccade",81,11
"448",17,12782933,12782948,"pso",15,11
"449",17,12782949,12783156,"fixation",207,11
"450",17,12783157,12783208,"saccade",51,11
"451",17,12783209,12783227,"pso",18,11
"452",17,12783228,12783476,"fixation",248,11
"453",17,12783477,12783545,"saccade",68,11
"454",17,12783546,12783702,"fixation",156,11
"455",17,12783703,12783760,"saccade",57,11
"456",17,12783761,12783771,"pso",10,11
"457",17,12783772,12783913,"fixation",141,11
"458",17,12783914,12783963,"saccade",49,11
"459",17,12783964,12783983,"pso",19,11
"460",17,12783984,12784105,"fixation",121,11
"461",17,12784106,12784131,"saccade",25,11
"462",17,12784132,12784158,"unclear",26,11
"463",17,12784159,12784175,"saccade",16,11
"464",18,12741598,12741612,"unclear",14,11
"465",18,12741845,12741925,"saccade",80,11
"466",18,12741926,12741948,"pso",22,11
"467",18,12741949,12742268,"fixation",319,11
"468",18,12742269,12742368,"saccade",99,11
"469",18,12742369,12742432,"fixation",63,11
"470",18,12742433,12742526,"saccade",93,11
"471",18,12742527,12742546,"pso",19,11
"472",18,12742547,12742670,"fixation",123,11
"473",18,12742671,12742700,"saccade",29,11
"474",18,12742701,12742898,"fixation",197,11
"475",18,12742899,12742965,"saccade",66,11
"476",18,12742966,12742992,"pso",26,11
"477",18,12742993,12743189,"fixation",196,11
"478",18,12743190,12743230,"saccade",40,11
"479",18,12743469,12743523,"saccade",54,11
"480",18,12743524,12743540,"pso",16,11
"481",18,12743541,12743704,"fixation",163,11
"482",18,12743705,12743760,"saccade",55,11
"483",18,12743761,12743782,"pso",21,11
"484",18,12743783,12743975,"fixation",192,11
"485",18,12743976,12744040,"saccade",64,11
"486",18,12744041,12744063,"pso",22,11
"487",18,12744064,12744258,"fixation",194,11
"488",18,12744259,12744296,"saccade",37,11
"489",18,12744297,12744319,"pso",22,11
"490",18,12744320,12744420,"fixation",100,11
"491",18,12744421,12744441,"saccade",20,11
"492",18,12744592,12744639,"saccade",47,11
"493",18,12744640,12744863,"fixation",223,11
"494",18,12744864,12744901,"saccade",37,11
"495",18,12744902,12744919,"pso",17,11
"496",18,12744920,12745040,"fixation",120,11
"497",19,12522683,12522846,"fixation",163,11
"498",19,12522847,12522980,"saccade",133,11
"499",19,12522981,12523033,"fixation",52,11
"500",19,12523034,12523217,"saccade",183,11
"501",19,12523218,12523337,"fixation",119,11
"502",19,12523338,12523440,"saccade",102,11
"503",19,12523441,12523592,"fixation",151,11
"504",19,12523593,12523650,"saccade",57,11
"505",19,12523651,12523812,"fixation",161,11
"506",19,12523813,12523843,"saccade",30,11
"507",19,12523844,12524061,"fixation",217,11
"508",19,12524062,12524079,"saccade",17,11
"509",19,12524080,12524089,"pso",9,11
"510",19,12524090,12524413,"fixation",323,11
"511",19,12524414,12524454,"saccade",40,11
"512",19,12524455,12524689,"fixation",234,11
"513",19,12524690,12524711,"saccade",21,11
"514",19,12524836,12524887,"saccade",51,11
"515",19,12524888,12525050,"fixation",162,11
"516",19,12525051,12525102,"saccade",51,11
"517",19,12525103,12525114,"pso",11,11
"518",19,12525115,12525314,"fixation",199,11
"519",19,12525315,12525371,"saccade",56,11
"520",19,12525372,12525389,"pso",17,11
"521",19,12525390,12525446,"fixation",56,11
"522",19,12525447,12525467,"saccade",20,11
"523",19,12525603,12525715,"saccade",112,11
"524",19,12525716,12525740,"pso",24,11
"525",19,12525741,12525887,"fixation",146,11
"526",19,12525888,12525944,"saccade",56,11
"527",19,12525945,12525964,"pso",19,11
"528",19,12525965,12526067,"fixation",102,11
"529",19,12526068,12526106,"saccade",38,11
"530",19,12526107,12526128,"pso",21,11
"531",19,12526129,12526270,"fixation",141,11
"532",20,12746483,12746682,"fixation",199,11
"533",20,12746683,12746751,"saccade",68,11
"534",20,12746752,12746961,"fixation",209,11
"535",20,12746962,12746995,"saccade",33,11
"536",20,12746996,12747010,"pso",14,11
"537",20,12747011,12747089,"fixation",78,11
"538",20,12747090,12747150,"saccade",60,11
"539",20,12747151,12747168,"pso",17,11
"540",20,12747169,12747334,"fixation",165,11
"541",20,12747335,12747377,"saccade",42,11
"542",20,12747378,12747397,"pso",19,11
"543",20,12747398,12747520,"fixation",122,11
"544",20,12747521,12747557,"saccade",36,11
"545",20,12747558,12747573,"pso",15,11
"546",20,12747574,12747641,"fixation",67,11
"547",20,12747642,12747670,"saccade",28,11
"548",20,12747778,12747823,"saccade",45,11
"549",21,12572757,12573020,"fixation",263,11
"550",21,12573021,12573063,"saccade",42,11
"551",21,12573064,12573088,"pso",24,11
"552",21,12573089,12573291,"fixation",202,11
"553",21,12573292,12573351,"saccade",59,11
"554",21,12573352,12573367,"pso",15,11
"555",21,12573368,12573518,"fixation",150,11
"556",21,12573519,12573559,"saccade",40,11
"557",21,12573560,12573579,"pso",19,11
"558",21,12573580,12573873,"fixation",293,11
"559",21,12573874,12573909,"saccade",35,11
"560",21,12573910,12573922,"pso",12,11
"561",21,12573923,12574051,"fixation",128,11
"562",21,12574052,12574094,"saccade",42,11
"563",21,12574095,12574109,"pso",14,11
"564",21,12574110,12574269,"fixation",159,11
"565",21,12574270,12574315,"saccade",45,11
"566",21,12574316,12574325,"pso",9,11
"567",21,12574326,12574441,"fixation",115,11
"568",21,12574442,12574469,"saccade",27,11
"569",21,12574590,12574683,"saccade",93,11
"570",21,12574684,12574719,"fixation",35,11
"571",21,12574720,12574794,"saccade",74,11
"572",21,12574795,12574815,"pso",20,11
"573",21,12574816,12574930,"fixation",114,11
"574",21,12574931,12575017,"saccade",86,11
"575",21,12575018,12575025,"unclear",7,11
"576",21,12575026,12575045,"pso",19,11
"577",21,12575046,12575110,"fixation",64,11
"578",22,12608008,12608181,"fixation",173,11
"579",22,12608182,12608222,"saccade",40,11
"580",22,12608223,12608233,"pso",10,11
"581",22,12608234,12608405,"fixation",171,11
"582",22,12608406,12608423,"saccade",17,11
"583",22,12608424,12608440,"pso",16,11
"584",22,12608441,12608710,"fixation",269,11
"585",22,12608711,12608744,"saccade",33,11
"586",22,12608745,12608770,"pso",25,11
"587",22,12608771,12608887,"fixation",116,11
"588",22,12608888,12608953,"saccade",65,11
"589",22,12608954,12608973,"pso",19,11
"590",22,12608974,12609138,"fixation",164,11
"591",22,12609139,12609190,"saccade",51,11
"592",22,12609191,12609212,"pso",21,11
"593",22,12609213,12609377,"fixation",164,11
"594",22,12609378,12609510,"saccade",132,11
"595",23,12528031,12528161,"fixation",130,11
"596",23,12528162,12528226,"saccade",64,11
"597",23,12528227,12528236,"pso",9,11
"598",23,12528237,12528475,"fixation",238,11
"599",23,12528476,12528529,"saccade",53,11
"600",23,12528530,12528549,"pso",19,11
"601",23,12528550,12528690,"fixation",140,11
"602",23,12528691,12528758,"saccade",67,11
"603",23,12528759,12528780,"pso",21,11
"604",23,12528781,12528984,"fixation",203,11
"605",23,12528985,12529027,"saccade",42,11
"606",23,12529028,12529048,"pso",20,11
"607",23,12529049,12529138,"fixation",89,11
"608",23,12529139,12529264,"saccade",125,11
"609",23,12529265,12529277,"pso",12,11
"610",23,12529278,12529285,"fixation",7,11
"611",24,12820409,12820424,"fixation",15,11
"612",24,12820425,12820461,"saccade",36,11
"613",24,12820462,12820486,"pso",24,11
"614",24,12820487,12820585,"fixation",98,11
"615",24,12820586,12820611,"saccade",25,11
"616",24,12820743,12820832,"saccade",89,11
"617",24,12820833,12821031,"fixation",198,11
"618",24,12821032,12821088,"saccade",56,11
"619",24,12821089,12821109,"pso",20,11
"620",24,12821110,12821226,"fixation",116,11
"621",24,12821227,12821245,"saccade",18,11
"622",24,12821246,12821273,"pso",27,11
"623",24,12821274,12821442,"fixation",168,11
"624",24,12821443,12821464,"saccade",21,11
"625",24,12821465,12821489,"pso",24,11
"626",24,12821490,12821666,"fixation",176,11
"627",24,12821667,12821751,"saccade",84,11
"628",24,12821752,12821773,"pso",21,11
"629",24,12821774,12821897,"fixation",123,11
"630",24,12821898,12821944,"saccade",46,11
"631",24,12821945,12822056,"fixation",111,11
"632",24,12822057,12822096,"saccade",39,11
"633",25,12752524,12752627,"fixation",103,11
"634",25,12752628,12752722,"saccade",94,11
"635",25,12752723,12752749,"pso",26,11
"636",25,12752750,12753041,"fixation",291,11
"637",25,12753042,12753115,"saccade",73,11
"638",25,12753116,12753222,"fixation",106,11
"639",25,12753223,12753281,"saccade",58,11
"640",25,12753282,12753300,"pso",18,11
"641",25,12753301,12753499,"fixation",198,11
"642",25,12753500,12753537,"saccade",37,11
"643",25,12753538,12753563,"pso",25,11
"644",25,12753564,12753628,"fixation",64,11
"645",25,12753629,12753678,"saccade",49,11
"646",25,12753679,12753688,"pso",9,11
"647",25,12753689,12753861,"fixation",172,11
"648",25,12753862,12753939,"saccade",77,11
"649",25,12753940,12753957,"pso",17,11
"650",25,12753958,12753991,"fixation",33,11
"651",26,12823389,12823402,"saccade",13,11
"652",26,12823403,12823416,"pso",13,11
"653",26,12823417,12823562,"fixation",145,11
"654",26,12823563,12823647,"saccade",84,11
"655",26,12823648,12823749,"fixation",101,11
"656",26,12823750,12823786,"saccade",36,11
"657",26,12823787,12823799,"pso",12,11
"658",26,12823800,12823861,"fixation",61,11
"659",26,12823862,12823907,"saccade",45,11
"660",26,12823908,12823925,"pso",17,11
"661",26,12823926,12824147,"fixation",221,11
"662",26,12824148,12824197,"saccade",49,11
"663",26,12824198,12824218,"pso",20,11
"664",26,12824219,12824486,"fixation",267,11
"665",26,12824487,12824539,"saccade",52,11
"666",26,12824540,12824559,"pso",19,11
"667",26,12824560,12824698,"fixation",138,11
"668",26,12824699,12824792,"saccade",93,11
"669",27,12785966,12786055,"fixation",89,11
"670",27,12786056,12786162,"saccade",106,11
"671",27,12786163,12786182,"pso",19,11
"672",27,12786183,12786338,"fixation",155,11
"673",27,12786339,12786372,"saccade",33,11
"674",27,12786373,12786397,"pso",24,11
"675",27,12786398,12786469,"fixation",71,11
"676",27,12786470,12786530,"saccade",60,11
"677",27,12786531,12786538,"pso",7,11
"678",27,12786539,12786708,"fixation",169,11
"679",27,12786709,12786761,"saccade",52,11
"680",27,12786762,12786773,"pso",11,11
"681",27,12786774,12786899.5,"fixation",125.5,11
"682",27,12786900,12786922,"saccade",22,11
"683",27,12787016,12787070,"saccade",54,11
"684",27,12787071,12787095,"fixation",24,11
"685",28,12445015,12445210,"fixation",195,11
"686",28,12445211,12445322,"saccade",111,11
"687",28,12445323,12445417,"fixation",94,11
"688",28,12445418,12445454,"saccade",36,11
"689",28,12445455,12445744,"fixation",289,11
"690",28,12445745,12445795,"saccade",50,11
"691",28,12445796,12445809,"pso",13,11
"692",28,12445810,12445955,"fixation",145,11
"693",28,12445956,12446014,"saccade",58,11
"694",28,12446015,12446026,"pso",11,11
"695",28,12446027,12446191,"fixation",164,11
"696",28,12446192,12446240,"saccade",48,11
"697",28,12446241,12446258,"pso",17,11
"698",28,12446259,12446391,"fixation",132,11
"699",28,12446392,12446424,"saccade",32,11
"700",28,12446569,12446628,"saccade",59,11
"701",28,12446629,12446869,"fixation",240,11
"702",28,12446870,12446912,"saccade",42,11
"703",28,12446913,12446925,"pso",12,11
"704",28,12446926,12447171,"fixation",245,11
"705",28,12447172,12447215,"saccade",43,11
"706",28,12447216,12447458,"fixation",242,11
"707",28,12447459,12447513,"saccade",54,11
"708",28,12447514,12447621,"fixation",107,11
"709",29,12778029,12778207,"fixation",178,11
"710",29,12778208,12778289,"saccade",81,11
"711",29,12778290,12778302,"pso",12,11
"712",29,12778303,12778379,"fixation",76,11
"713",29,12778380,12778412,"saccade",32,11
"714",29,12778596,12778623,"saccade",27,11
"715",29,12778624,12778803,"fixation",179,11
"716",29,12778804,12778846,"saccade",42,11
"717",29,12778847,12778866,"pso",19,11
"718",29,12778867,12779071,"fixation",204,11
"719",29,12779072,12779126,"saccade",54,11
"720",29,12779127,12779137,"pso",10,11
"721",29,12779138,12779197,"fixation",59,11
"722",29,12779198,12779215,"saccade",17,11
"723",29,12779394,12779449,"saccade",55,11
"724",29,12779450,12779459,"pso",9,11
"725",29,12779460,12779676,"fixation",216,11
"726",29,12779677,12779752,"saccade",75,11
"727",29,12779753,12779774,"pso",21,11
"728",29,12779775,12779906,"fixation",131,11
"729",29,12779907,12779940,"saccade",33,11
"730",29,12779941,12779951,"pso",10,11
"731",29,12779952,12780057,"fixation",105,11
"732",29,12780058,12780075,"saccade",17,11
"733",29,12780314,12780345,"saccade",31,11
"734",29,12780346,12780358,"pso",12,11
"735",29,12780359,12780492,"fixation",133,11
"736",29,12780493,12780556,"saccade",63,11
"737",29,12780557,12780575,"pso",18,11
"738",29,12780576,12780739,"fixation",163,11
"739",29,12780740,12780783,"saccade",43,11
"740",29,12780784,12780804,"pso",20,11
"741",29,12780805,12780926,"fixation",121,11
"742",29,12780927,12780966,"saccade",39,11
"743",29,12780967,12780980,"pso",13,11
"744",29,12780981,12781140,"fixation",159,11
"745",29,12781141,12781176,"saccade",35,11
"746",29,12781177,12781197,"pso",20,11
"747",29,12781198,12781231,"fixation",33,11
"748",30,12412238,12412351,"fixation",113,11
"749",30,12412352,12412444,"saccade",92,11
"750",30,12412445,12412466,"pso",21,11
"751",30,12412467,12412618,"fixation",151,11
"752",30,12412619,12412651,"saccade",32,11
"753",30,12412652,12412673,"pso",21,11
"754",30,12412674,12412830,"fixation",156,11
"755",30,12412831,12412894,"saccade",63,11
"756",30,12412895,12412905,"pso",10,11
"757",30,12412906,12413036,"fixation",130,11
"758",30,12413037,12413089,"saccade",52,11
"759",30,12413090,12413108,"pso",18,11
"760",30,12413109,12413280,"fixation",171,11
"761",30,12413281,12413325,"saccade",44,11
"762",30,12413326,12413347,"pso",21,11
"763",30,12413348,12413507,"fixation",159,11
"764",30,12413508,12413589,"saccade",81,11
"765",30,12413590,12413709,"fixation",119,11
"766",31,12615867,12615996,"fixation",129,11
"767",31,12615997,12616088,"saccade",91,11
"768",31,12616089,12616278,"fixation",189,11
"769",31,12616279,12616341,"saccade",62,11
"770",31,12616342,12616355,"pso",13,11
"771",31,12616356,12616568,"fixation",212,11
"772",31,12616569,12616608,"saccade",39,11
"773",31,12616609,12616628,"pso",19,11
"774",31,12616629,12616788,"fixation",159,11
"775",31,12616789,12616823,"saccade",34,11
"776",31,12616824,12616830,"pso",6,11
"777",31,12616831,12616944,"fixation",113,11
"778",31,12616945,12616991,"saccade",46,11
"779",31,12616992,12617003,"pso",11,11
"780",31,12617004,12617162,"fixation",158,11
"781",31,12617163,12617223,"saccade",60,11
"782",31,12617224,12617243,"pso",19,11
"783",31,12617244,12617392,"fixation",148,11
"784",31,12617393,12617437,"saccade",44,11
"785",31,12617438,12617523,"fixation",85,11
"786",31,12617524,12617601,"saccade",77,11
"787",31,12617602,12617611,"pso",9,11
"788",31,12617612,12617762,"fixation",150,11
"789",31,12617763,12617787,"saccade",24,11
"790",31,12617788,12617880,"fixation",92,11
"791",32,12449548,12449719,"fixation",171,11
"792",32,12449720,12449769,"saccade",49,11
"793",32,12449770,12449789,"pso",19,11
"794",32,12449790,12450068,"fixation",278,11
"795",32,12450069,12450118,"saccade",49,11
"796",32,12450119,12450136,"pso",17,11
"797",32,12450137,12450257,"fixation",120,11
"798",32,12450258,12450294,"saccade",36,11
"799",32,12450295,12450311,"pso",16,11
"800",32,12450312,12450463,"fixation",151,11
"801",32,12450464,12450532,"saccade",68,11
"802",32,12450533,12450556,"pso",23,11
"803",32,12450557,12450711,"fixation",154,11
"804",32,12450712,12450752,"saccade",40,11
"805",32,12450753,12450947,"fixation",194,11
"806",32,12450948,12450986,"saccade",38,11
"807",32,12450987,12451008,"unclear",21,11
"808",32,12451009,12451048,"saccade",39,11
"809",32,12451049,12451154,"fixation",105,11
"810",32,12451155,12451190,"saccade",35,11
"811",32,12451191,12451210,"pso",19,11
"812",32,12451211,12451306,"fixation",95,11
"813",32,12451307,12451394,"saccade",87,11
"814",32,12451395,12451413,"pso",18,11
"815",32,12451414,12451637,"fixation",223,11
"816",32,12451638,12451672,"saccade",34,11
"817",32,12451673,12451796,"fixation",123,11
"818",33,12826345,12826797,"fixation",452,11
"819",33,12826798,12826813,"saccade",15,11
"820",33,12826890,12826994,"saccade",104,11
"821",33,12826995,12827051,"fixation",56,11
"822",33,12827052,12827110,"saccade",58,11
"823",33,12827111,12827135,"pso",24,11
"824",33,12827136,12827253,"fixation",117,11
"825",33,12827254,12827292,"saccade",38,11
"826",33,12827293,12827303,"pso",10,11
"827",33,12827304,12827465,"fixation",161,11
"828",33,12827466,12827496,"saccade",30,11
"829",33,12827497,12827516,"pso",19,11
"830",33,12827517,12827700,"fixation",183,11
"831",33,12827701,12827744,"saccade",43,11
"832",33,12827745,12827751,"pso",6,11
"833",33,12827752,12828007,"fixation",255,11
"834",33,12828008,12828028,"saccade",20,11
"835",33,12828218,12828285,"saccade",67,11
"836",33,12828286,12828336,"unclear",50,11
"837",33,12828337,12828393,"saccade",56,11
"838",33,12828394,12828399,"pso",5,11
"839",33,12828400,12828485,"fixation",85,11
"840",33,12828486,12828537,"saccade",51,11
"841",33,12828538,12828554,"pso",16,11
"842",33,12828555,12828796,"fixation",241,11
"843",33,12828797,12828851,"saccade",54,11
"844",33,12828852,12829018,"fixation",166,11
"845",33,12829019,12829062,"saccade",43,11
"846",33,12829063,12829076,"pso",13,11
"847",33,12829077,12829186,"fixation",109,11
"848",33,12829187,12829223,"saccade",36,11
"849",33,12829224,12829231,"pso",7,11
"850",34,12453527,12453696,"fixation",169,11
"851",34,12453697,12453770,"saccade",73,11
"852",34,12453771,12453986,"fixation",215,11
"853",34,12453987,12454022,"saccade",35,11
"854",34,12454023,12454037,"pso",14,11
"855",34,12454038,12454201,"fixation",163,11
"856",34,12454202,12454277,"saccade",75,11
"857",34,12454278,12454293,"pso",15,11
"858",34,12454294,12454452,"fixation",158,11
"859",34,12454453,12454502,"saccade",49,11
"860",34,12454503,12454522,"pso",19,11
"861",34,12454523,12454653,"fixation",130,11
"862",34,12454654,12454707,"saccade",53,11
"863",34,12454708,12454726,"pso",18,11
"864",34,12454727,12454870,"fixation",143,11
"865",34,12454871,12454939,"saccade",68,11
"866",34,12454940,12454957,"pso",17,11
"867",34,12454958,12455121,"fixation",163,11
"868",34,12455122,12455155,"saccade",33,11
"869",34,12455156,12455174,"pso",18,11
"870",34,12455175,12455197,"fixation",22,11
"871",35,12576518,12576683,"fixation",165,11
"872",35,12576684,12576761,"saccade",77,11
"873",35,12576762,12576780,"pso",18,11
"874",35,12576781,12576933,"fixation",152,11
"875",35,12576934,12576972,"saccade",38,11
"876",35,12576973,12576983,"pso",10,11
"877",35,12576984,12577123,"fixation",139,11
"878",35,12577124,12577184,"saccade",60,11
"879",35,12577185,12577203,"pso",18,11
"880",35,12577205,12577480,"fixation",275,11
"881",35,12577481,12577526,"saccade",45,11
"882",35,12577527,12577550,"pso",23,11
"883",35,12577551,12577619,"fixation",68,11
"884",35,12577620,12577691,"saccade",71,11
"885",35,12577692,12577862,"fixation",170,11
"886",35,12577863,12577937,"saccade",74,11
"887",35,12577938,12577949,"pso",11,11
"888",36,12538644,12538881,"fixation",237,11
"889",36,12538882,12538935,"saccade",53,11
"890",36,12538936,12538947,"pso",11,11
"891",36,12538948,12539229,"fixation",281,11
"892",36,12539230,12539276,"saccade",46,11
"893",36,12539277,12539289,"pso",12,11
"894",36,12539290,12539446,"fixation",156,11
"895",36,12539447,12539503,"saccade",56,11
"896",36,12539504,12539519,"pso",15,11
"897",36,12539520,12539649,"fixation",129,11
"898",36,12539650,12539686,"saccade",36,11
"899",36,12539687,12539700,"pso",13,11
"900",36,12539701,12539818,"fixation",117,11
"901",36,12539819,12539839,"saccade",20,11
"902",36,12539967,12540013,"saccade",46,11
"903",36,12540014,12540183,"fixation",169,11
"904",36,12540184,12540219,"saccade",35,11
"905",37,12456768,12456960,"fixation",192,11
"906",37,12456961,12457013,"saccade",52,11
"907",37,12457014,12457023,"pso",9,11
"908",37,12457024,12457180,"fixation",156,11
"909",37,12457181,12457211,"saccade",30,11
"910",37,12457212,12457228,"pso",16,11
"911",37,12457229,12457344,"fixation",115,11
"912",37,12457345,12457401,"saccade",56,11
"913",37,12457402,12457421,"pso",19,11
"914",37,12457422,12457629,"fixation",207,11
"915",37,12457630,12457679,"saccade",49,11
"916",37,12457680,12457698,"pso",18,11
"917",37,12457699,12457825,"fixation",126,11
"918",37,12457826,12457852,"saccade",26,11
"919",37,12457950,12457996,"saccade",46,11
"920",37,12457997,12458015,"pso",18,11
"921",37,12458016,12458173,"fixation",157,11
"922",37,12458174,12458208,"saccade",34,11
"923",37,12458209,12458220,"pso",11,11
"924",37,12458221,12458296,"fixation",75,11
"925",37,12458297,12458309,"saccade",12,11
"926",38,12604691,12604976,"fixation",285,11
"927",38,12604977,12605043,"saccade",66,11
"928",38,12605044,12605138,"fixation",94,11
"929",38,12605139,12605164,"saccade",25,11
"930",38,12605165,12605174,"pso",9,11
"931",38,12605175,12605434,"fixation",259,11
"932",38,12605435,12605487,"saccade",52,11
"933",38,12605488,12605508,"pso",20,11
"934",38,12605509,12605704,"fixation",195,11
"935",38,12605705,12605762,"saccade",57,11
"936",38,12605763,12605780,"pso",17,11
"937",38,12605781,12605847,"fixation",66,11
"938",38,12605848,12605870,"saccade",22,11
"939",38,12606010,12606077,"saccade",67,11
"940",38,12606078,12606092,"unclear",14,11
"941",38,12606093,12606198,"saccade",105,11
"942",38,12606199,12606215,"pso",16,11
"943",38,12606216,12606254,"fixation",38,11
"944",39,12749257,12749415,"fixation",158,11
"945",39,12749416,12749527,"saccade",111,11
"946",39,12749528,12749726,"fixation",198,11
"947",39,12749727,12749802,"saccade",75,11
"948",39,12749803,12749818,"pso",15,11
"949",39,12749819,12749942,"fixation",123,11
"950",39,12749943,12749989,"saccade",46,11
"951",39,12749990,12749999,"pso",9,11
"952",39,12750000,12750127,"fixation",127,11
"953",39,12750128,12750174,"saccade",46,11
"954",39,12750175,12750192,"pso",17,11
"955",39,12750193,12750398,"fixation",205,11
"956",39,12750399,12750426,"saccade",27,11
"957",39,12750563,12750612,"saccade",49,11
"958",39,12750613,12750623,"fixation",10,11
"959",40,12791683,12791908,"fixation",225,11
"960",40,12791909,12791966,"saccade",57,11
"961",40,12791967,12791983,"pso",16,11
"962",40,12791984,12792115,"fixation",131,11
"963",40,12792116,12792146,"saccade",30,11
"964",40,12792147,12792288,"fixation",141,11
"965",40,12792289,12792347,"saccade",58,11
"966",40,12792348,12792369,"pso",21,11
"967",40,12792370,12792506,"fixation",136,11
"968",40,12792507,12792559,"saccade",52,11
"969",40,12792560,12792578,"pso",18,11
"970",40,12792579,12792794,"fixation",215,11
"971",40,12792795,12792821,"saccade",26,11
"972",40,12792962,12793016,"saccade",54,11
"973",40,12793017,12793023,"pso",6,11
"974",40,12793024,12793070,"fixation",46,11
"975",40,12793071,12793131,"saccade",60,11
"976",40,12793132,12793233,"fixation",101,11
"977",1,7168238,7168302,"fixation",64,13
"978",1,7168303,7168327,"saccade",24,13
"979",1,7168328,7168338,"pso",10,13
"980",1,7168339,7168571,"fixation",232,13
"981",1,7168572,7168611,"saccade",39,13
"982",1,7168612,7168621,"pso",9,13
"983",1,7168622,7168736,"fixation",114,13
"984",1,7168737,7168763,"saccade",26,13
"985",1,7168764,7168889,"fixation",125,13
"986",1,7168890,7168912,"saccade",22,13
"987",1,7168913,7168926,"pso",13,13
"988",1,7168927,7169014,"fixation",87,13
"989",1,7169015,7169058,"saccade",43,13
"990",1,7169059,7169078,"pso",19,13
"991",1,7169079,7169118,"fixation",39,13
"992",1,7169119,7169150,"saccade",31,13
"993",1,7169151,7169174,"pso",23,13
"994",1,7169175,7169429,"fixation",254,13
"995",1,7169430,7169475,"saccade",45,13
"996",1,7169476,7169493,"pso",17,13
"997",1,7169494,7169592,"fixation",98,13
"998",2,7253180,7253331,"fixation",151,13
"999",2,7253332,7253377,"saccade",45,13
"1000",2,7253378,7253396,"pso",18,13
"1001",2,7253397,7253516,"fixation",119,13
"1002",2,7253517,7253544,"saccade",27,13
"1003",2,7253545,7253565,"pso",20,13
"1004",2,7253566,7253838,"fixation",272,13
"1005",2,7253839,7253854,"saccade",15,13
"1006",2,7253855,7253866,"pso",11,13
"1007",2,7253867,7253927,"fixation",60,13
"1008",2,7253928,7253973,"saccade",45,13
"1009",2,7253974,7253997,"pso",23,13
"1010",2,7253998,7254067,"fixation",69,13
"1011",2,7254068,7254110,"saccade",42,13
"1012",2,7254111,7254116,"unclear",5,13
"1013",2,7254117,7254127,"pso",10,13
"1014",2,7254128,7254334,"fixation",206,13
"1015",2,7254335,7254379,"saccade",44,13
"1016",2,7254380,7254624,"fixation",244,13
"1017",3,7295185,7295330,"fixation",145,13
"1018",3,7295331,7295369,"saccade",38,13
"1019",3,7295370,7295388,"pso",18,13
"1020",3,7295389,7295502,"fixation",113,13
"1021",3,7295503,7295559,"saccade",56,13
"1022",3,7295560,7295809,"fixation",249,13
"1023",3,7295810,7295831,"saccade",21,13
"1024",3,7295832,7295857,"pso",25,13
"1025",3,7295858,7296199,"fixation",341,13
"1026",3,7296200,7296218,"saccade",18,13
"1027",3,7296219,7296384,"fixation",165,13
"1028",3,7296385,7296399,"saccade",14,13
"1029",3,7296400,7296486,"fixation",86,13
"1030",3,7296487,7296522,"saccade",35,13
"1031",3,7296523,7296535,"pso",12,13
"1032",3,7296536,7296603,"fixation",67,13
"1033",3,7296604,7296661,"saccade",57,13
"1034",3,7296662,7296684,"pso",22,13
"1035",3,7296685,7296815,"fixation",130,13
"1036",3,7296816,7296846,"saccade",30,13
"1037",3,7296847,7296868,"pso",21,13
"1038",3,7296869,7297006,"fixation",137,13
"1039",3,7297007,7297044,"saccade",37,13
"1040",3,7297045,7297065,"pso",20,13
"1041",3,7297066,7297178,"fixation",112,13
"1042",3,7297179,7297220,"saccade",41,13
"1043",3,7297221,7297228,"pso",7,13
"1044",3,7297229,7297266,"fixation",37,13
"1045",4,7170718,7170873,"fixation",155,13
"1046",4,7170874,7170924,"saccade",50,13
"1047",4,7170925,7170943,"pso",18,13
"1048",4,7170944,7171075,"fixation",131,13
"1049",4,7171076,7171100,"saccade",24,13
"1050",4,7171101,7171122,"pso",21,13
"1051",4,7171123,7171231,"fixation",108,13
"1052",4,7171232,7171250,"saccade",18,13
"1053",4,7171251,7171269,"pso",18,13
"1054",4,7171270,7171294,"fixation",24,13
"1055",4,7171295,7171327,"saccade",32,13
"1056",4,7171328,7171349,"pso",21,13
"1057",4,7171350,7171433,"fixation",83,13
"1058",4,7171434,7171470,"saccade",36,13
"1059",4,7171471,7171484,"pso",13,13
"1060",4,7171485,7171775,"fixation",290,13
"1061",4,7171776,7171813,"saccade",37,13
"1062",4,7171814,7171826,"pso",12,13
"1063",4,7171827,7172008,"fixation",181,13
"1064",4,7172009,7172032,"saccade",23,13
"1065",4,7172033,7172050,"pso",17,13
"1066",4,7172051,7172121,"fixation",70,13
"1067",5,7440501,7440516,"fixation",15,13
"1068",5,7440517,7440577,"saccade",60,13
"1069",5,7440578,7440669,"fixation",91,13
"1070",5,7440670,7440724,"saccade",54,13
"1071",5,7440725,7440744,"pso",19,13
"1072",5,7440745,7441045,"fixation",300,13
"1073",5,7441046,7441149,"saccade",103,13
"1074",5,7441150,7441251,"fixation",101,13
"1075",5,7441252,7441279,"saccade",27,13
"1076",5,7441280,7441391,"fixation",111,13
"1077",5,7441392,7441449,"saccade",57,13
"1078",5,7441450,7441574,"fixation",124,13
"1079",5,7441575,7441608,"saccade",33,13
"1080",5,7441609,7441623,"pso",14,13
"1081",5,7441624,7441743,"fixation",119,13
"1082",5,7441744,7441785,"saccade",41,13
"1083",5,7441786,7441990,"fixation",204,13
"1084",5,7441991,7442011,"saccade",20,13
"1085",5,7442012,7442173,"fixation",161,13
"1086",5,7442174,7442225,"saccade",51,13
"1087",5,7442226,7442244,"pso",18,13
"1088",5,7442245,7442410,"fixation",165,13
"1089",5,7442411,7442433,"saccade",22,13
"1090",6,7450839,7450848,"saccade",9,13
"1091",6,7450849,7450859,"pso",10,13
"1092",6,7450860,7450994,"fixation",134,13
"1093",6,7450995,7451034,"saccade",39,13
"1094",6,7451035,7451253,"fixation",218,13
"1095",6,7451254,7451289,"saccade",35,13
"1096",6,7451290,7451559,"fixation",269,13
"1097",6,7451560,7451590,"saccade",30,13
"1098",6,7451591,7451600,"pso",9,13
"1099",6,7451601,7451706,"fixation",105,13
"1100",6,7451707,7451758,"saccade",51,13
"1101",6,7451759,7451866,"fixation",107,13
"1102",6,7451867,7451914,"saccade",47,13
"1103",6,7451915,7451923,"pso",8,13
"1104",6,7451924,7452032,"fixation",108,13
"1105",6,7452033,7452059,"saccade",26,13
"1106",6,7452060,7452071,"pso",11,13
"1107",6,7452072,7452159,"fixation",87,13
"1108",6,7452160,7452210,"saccade",50,13
"1109",6,7452211,7452340,"fixation",129,13
"1110",7,7192082,7192191,"fixation",109,13
"1111",7,7192192,7192237,"saccade",45,13
"1112",7,7192238,7192258,"pso",20,13
"1113",7,7192259,7192394,"fixation",135,13
"1114",7,7192395,7192429,"saccade",34,13
"1115",7,7192430,7192455,"pso",25,13
"1116",7,7192456,7192792,"fixation",336,13
"1117",7,7192793,7192821,"saccade",28,13
"1118",7,7192822,7192836,"pso",14,13
"1119",7,7192837,7193174,"fixation",337,13
"1120",7,7193175,7193201,"saccade",26,13
"1121",7,7193202,7193348,"fixation",146,13
"1122",7,7193349,7193390,"fixation",41,13
"1123",7,7193391,7193402,"pso",11,13
"1124",7,7193403,7193453,"fixation",50,13
"1125",7,7193454,7193488,"saccade",34,13
"1126",7,7193489,7193501,"pso",12,13
"1127",7,7193502,7193544,"fixation",42,13
"1128",7,7193545,7193578,"saccade",33,13
"1129",7,7193579,7193589,"pso",10,13
"1130",7,7193590,7193750,"fixation",160,13
"1131",7,7193751,7193770,"saccade",19,13
"1132",7,7193771,7193778,"pso",7,13
"1133",7,7193779,7193929,"fixation",150,13
"1134",7,7193930,7193952,"saccade",22,13
"1135",7,7193953,7194121,"fixation",168,13
"1136",7,7194122,7194182,"saccade",60,13
"1137",7,7194183,7194202,"pso",19,13
"1138",7,7194203,7194372,"fixation",169,13
"1139",7,7194373,7194421,"saccade",48,13
"1140",7,7194422,7194435,"pso",13,13
"1141",7,7194436,7194596,"fixation",160,13
"1142",7,7194597,7194635,"saccade",38,13
"1143",7,7194636,7194657,"pso",21,13
"1144",7,7194658,7194734,"fixation",76,13
"1145",7,7194735,7194970,"saccade",235,13
"1146",7,7194971,7195035,"unclear",64,13
"1147",7,7195036,7195065,"saccade",29,13
"1148",8,7259683,7260138,"fixation",455,13
"1149",8,7260139,7260172,"saccade",33,13
"1150",8,7260173,7260189,"pso",16,13
"1151",8,7260190,7260416,"fixation",226,13
"1152",8,7260417,7260446,"saccade",29,13
"1153",8,7260447,7260470,"pso",23,13
"1154",8,7260471,7260614,"fixation",143,13
"1155",8,7260615,7260667,"saccade",52,13
"1156",8,7260668,7260688,"pso",20,13
"1157",8,7260689,7260744,"fixation",55,13
"1158",8,7260745,7260788,"saccade",43,13
"1159",8,7260789,7260812,"pso",23,13
"1160",8,7260813,7260942,"fixation",129,13
"1161",8,7260943,7260980,"saccade",37,13
"1162",8,7260981,7260991,"pso",10,13
"1163",8,7260992,7261187,"fixation",195,13
"1164",9,7479884,7480011,"fixation",127,13
"1165",9,7480012,7480045,"saccade",33,13
"1166",9,7480046,7480063,"pso",17,13
"1167",9,7480064,7480261,"fixation",197,13
"1168",9,7480262,7480281,"saccade",19,13
"1169",9,7480282,7480294,"pso",12,13
"1170",9,7480295,7480595,"fixation",300,13
"1171",9,7480596,7480615,"saccade",19,13
"1172",9,7480616,7480653,"fixation",37,13
"1173",9,7480654,7480690,"saccade",36,13
"1174",9,7480691,7480705,"pso",14,13
"1175",9,7480706,7480774,"fixation",68,13
"1176",9,7480775,7480815,"saccade",40,13
"1177",9,7480816,7480829,"pso",13,13
"1178",9,7480830,7480977,"fixation",147,13
"1179",9,7480978,7481005,"saccade",27,13
"1180",9,7481006,7481021,"pso",15,13
"1181",9,7481022,7481177,"fixation",155,13
"1182",10,7417489,7417609,"fixation",120,13
"1183",10,7417610,7417654,"saccade",44,13
"1184",10,7417655,7417800,"fixation",145,13
"1185",10,7417801,7417827,"saccade",26,13
"1186",10,7417828,7417842,"pso",14,13
"1187",10,7417843,7418121,"fixation",278,13
"1188",10,7418122,7418146,"saccade",24,13
"1189",10,7418147,7418352,"fixation",205,13
"1190",10,7418353,7418367,"saccade",14,13
"1191",10,7418368,7418377,"pso",9,13
"1192",10,7418378,7418454,"fixation",76,13
"1193",10,7418455,7418489,"saccade",34,13
"1194",10,7418490,7418503,"pso",13,13
"1195",10,7418504,7418606,"fixation",102,13
"1196",10,7418607,7418651,"saccade",44,13
"1197",10,7418652,7418662,"pso",10,13
"1198",10,7418663,7418769,"fixation",106,13
"1199",10,7418770,7418806,"saccade",36,13
"1200",10,7418807,7418972,"fixation",165,13
"1201",10,7418973,7419105,"saccade",132,13
"1202",10,7419106,7419181,"fixation",75,13
"1203",11,7420626,7420656,"saccade",30,13
"1204",11,7420657,7420811,"fixation",154,13
"1205",11,7420812,7420863,"saccade",51,13
"1206",11,7420864,7420872,"pso",8,13
"1207",11,7420873,7421080,"fixation",207,13
"1208",11,7421081,7421105,"saccade",24,13
"1209",11,7421106,7421135,"pso",29,13
"1210",11,7421136,7421337,"fixation",201,13
"1211",11,7421338,7421354,"saccade",16,13
"1212",11,7421355,7421376,"pso",21,13
"1213",11,7421377,7421518,"fixation",141,13
"1214",11,7421519,7421552,"saccade",33,13
"1215",11,7421553,7421576,"pso",23,13
"1216",11,7421577,7421665,"fixation",88,13
"1217",11,7421666,7421717,"saccade",51,13
"1218",11,7421718,7421729,"pso",11,13
"1219",11,7421730,7422015,"fixation",285,13
"1220",11,7422016,7422049,"saccade",33,13
"1221",11,7422050,7422067,"pso",17,13
"1222",11,7422068,7422150,"fixation",82,13
"1223",11,7422151,7422211,"saccade",60,13
"1224",11,7422212,7422237,"fixation",25,13
"1225",12,7321076,7321217,"fixation",141,13
"1226",12,7321218,7321258,"saccade",40,13
"1227",12,7321259,7321277,"pso",18,13
"1228",12,7321278,7321403,"fixation",125,13
"1229",12,7321404,7321429,"saccade",25,13
"1230",12,7321430,7321454,"pso",24,13
"1231",12,7321455,7321653,"fixation",198,13
"1232",12,7321654,7321673,"saccade",19,13
"1233",12,7321674,7321693,"pso",19,13
"1234",12,7321694,7321759,"fixation",65,13
"1235",12,7321760,7321803,"saccade",43,13
"1236",12,7321804,7321823,"pso",19,13
"1237",12,7321824,7321919,"fixation",95,13
"1238",12,7321920,7321964,"saccade",44,13
"1239",12,7321965,7321987,"pso",22,13
"1240",12,7321988,7322280,"fixation",292,13
"1241",12,7322281,7322320,"saccade",39,13
"1242",12,7322321,7322341,"pso",20,13
"1243",12,7322342,7322515,"fixation",173,13
"1244",13,7323671,7323858,"fixation",187,13
"1245",13,7323859,7323890,"saccade",31,13
"1246",13,7323891,7323911,"pso",20,13
"1247",13,7323912,7324101,"fixation",189,13
"1248",13,7324102,7324134,"saccade",32,13
"1249",13,7324135,7324266,"fixation",131,13
"1250",13,7324267,7324282,"saccade",15,13
"1251",13,7324283,7324296,"pso",13,13
"1252",13,7324297,7324356,"fixation",59,13
"1253",13,7324357,7324400,"saccade",43,13
"1254",13,7324401,7324413,"pso",12,13
"1255",13,7324414,7324477,"fixation",63,13
"1256",13,7324478,7324506,"saccade",28,13
"1257",13,7324507,7324526,"pso",19,13
"1258",13,7324527,7324639,"fixation",112,13
"1259",13,7324640,7324679,"saccade",39,13
"1260",13,7324680,7324696,"pso",16,13
"1261",13,7324697,7325069,"fixation",372,13
"1262",13,7325070,7325099,"saccade",29,13
"1263",14,7196502,7196642,"fixation",140,13
"1264",14,7196643,7196676,"saccade",33,13
"1265",14,7196677,7196704,"pso",27,13
"1266",14,7196705,7196842,"fixation",137,13
"1267",14,7196843,7196868,"saccade",25,13
"1268",14,7196869,7196887,"pso",18,13
"1269",14,7196888,7197180,"fixation",292,13
"1270",14,7197181,7197215,"saccade",34,13
"1271",14,7197216,7197228,"pso",12,13
"1272",14,7197229,7197311,"fixation",82,13
"1273",14,7197312,7197359,"saccade",47,13
"1274",14,7197360,7197371,"pso",11,13
"1275",14,7197372,7197418,"fixation",46,13
"1276",14,7197419,7197451,"saccade",32,13
"1277",14,7197452,7197470,"pso",18,13
"1278",14,7197471,7197711,"fixation",240,13
"1279",14,7197712,7197761,"saccade",49,13
"1280",14,7197762,7197779,"pso",17,13
"1281",14,7197780,7197982,"fixation",202,13
"1282",14,7197983,7198009,"saccade",26,13
"1283",15,7199385,7199533,"fixation",148,13
"1284",15,7199534,7199568,"saccade",34,13
"1285",15,7199569,7199578,"pso",9,13
"1286",15,7199579,7199729,"fixation",150,13
"1287",15,7199730,7199752,"saccade",22,13
"1288",15,7199753,7199783,"pso",30,13
"1289",15,7199784,7200065,"fixation",281,13
"1290",15,7200066,7200086,"saccade",20,13
"1291",15,7200087,7200099,"pso",12,13
"1292",15,7200100,7200154,"fixation",54,13
"1293",15,7200155,7200200,"saccade",45,13
"1294",15,7200201,7200221,"pso",20,13
"1295",15,7200222,7200327,"fixation",105,13
"1296",15,7200328,7200374,"saccade",46,13
"1297",15,7200375,7200392,"pso",17,13
"1298",15,7200393,7200567,"fixation",174,13
"1299",15,7200568,7200592,"saccade",24,13
"1300",15,7200593,7200607,"pso",14,13
"1301",15,7200608,7200716,"fixation",108,13
"1302",15,7200717,7200767,"saccade",50,13
"1303",15,7200768,7200786,"pso",18,13
"1304",16,7262934,7263057,"saccade",123,13
"1305",16,7263058,7263512,"fixation",454,13
"1306",16,7263513,7263550,"saccade",37,13
"1307",16,7263551,7263562,"pso",11,13
"1308",16,7263563,7263667,"fixation",104,13
"1309",16,7263668,7263692,"saccade",24,13
"1310",16,7263693,7263700,"pso",7,13
"1311",16,7263701,7263815,"fixation",114,13
"1312",16,7263816,7263858,"saccade",42,13
"1313",16,7263859,7263872,"pso",13,13
"1314",16,7263873,7264021,"fixation",148,13
"1315",16,7264022,7264060,"saccade",38,13
"1316",16,7264061,7264076,"pso",15,13
"1317",16,7264077,7264289,"fixation",212,13
"1318",16,7264290,7264312,"saccade",22,13
"1319",16,7264313,7264328,"pso",15,13
"1320",16,7264329,7264500,"fixation",171,13
"1321",16,7264501,7264580,"saccade",79,13
"1322",16,7264581,7264588,"pso",7,13
"1323",17,7165056,7165194,"fixation",138,13
"1324",17,7165195,7165239,"saccade",44,13
"1325",17,7165240,7165254,"pso",14,13
"1326",17,7165255,7165397,"fixation",142,13
"1327",17,7165398,7165428,"saccade",30,13
"1328",17,7165429,7165460,"pso",31,13
"1329",17,7165461,7165626,"fixation",165,13
"1330",17,7165627,7165663,"pso",36,13
"1331",17,7165664,7165760,"fixation",96,13
"1332",17,7165761,7165792,"saccade",31,13
"1333",17,7165793,7165811,"pso",18,13
"1334",17,7165812,7165932,"fixation",120,13
"1335",17,7165933,7165979,"saccade",46,13
"1336",17,7165980,7166105,"fixation",125,13
"1337",17,7166106,7166143,"saccade",37,13
"1338",17,7166144,7166373,"fixation",229,13
"1339",17,7166374,7166571,"saccade",197,13
"1340",17,7166572,7166664,"fixation",92,13
"1341",18,7414780,7414986,"unclear",206,13
"1342",18,7414987,7415238,"fixation",251,13
"1343",18,7415239,7415261,"saccade",22,13
"1344",18,7415262,7415515,"fixation",253,13
"1345",18,7415516,7415545,"saccade",29,13
"1346",18,7415546,7415559,"pso",13,13
"1347",18,7415560,7415661,"fixation",101,13
"1348",18,7415662,7415705,"saccade",43,13
"1349",18,7415706,7415719,"pso",13,13
"1350",18,7415720,7415889,"fixation",169,13
"1351",18,7415890,7415924,"saccade",34,13
"1352",18,7415925,7415939,"pso",14,13
"1353",18,7415940,7416094,"fixation",154,13
"1354",18,7416095,7416291,"saccade",196,13
"1355",18,7416292,7416341,"fixation",49,13
"1356",19,7411578,7411741,"fixation",163,13
"1357",19,7411742,7411790,"saccade",48,13
"1358",19,7411791,7411860,"pso",69,13
"1359",19,7411861,7412036,"fixation",175,13
"1360",19,7412037,7412060,"saccade",23,13
"1361",19,7412061,7412076,"pso",15,13
"1362",19,7412077,7412338,"fixation",261,13
"1363",19,7412339,7412361,"saccade",22,13
"1364",19,7412362,7412376,"pso",14,13
"1365",19,7412377,7412485,"fixation",108,13
"1366",19,7412486,7412537,"saccade",51,13
"1367",19,7412538,7412558,"pso",20,13
"1368",19,7412559,7412629,"fixation",70,13
"1369",19,7412630,7412667,"saccade",37,13
"1370",19,7412668,7412938,"fixation",270,13
"1371",19,7412939,7413110,"saccade",171,13
"1372",19,7413111,7413181,"fixation",70,13
"1373",20,7327057,7327218,"fixation",161,13
"1374",20,7327219,7327267,"saccade",48,13
"1375",20,7327268,7327427,"fixation",159,13
"1376",20,7327428,7327458,"saccade",30,13
"1377",20,7327459,7327471,"pso",12,13
"1378",20,7327472,7327645,"fixation",173,13
"1379",20,7327646,7327677,"saccade",31,13
"1380",20,7327678,7327689,"pso",11,13
"1381",20,7327690,7327766,"fixation",76,13
"1382",20,7327767,7327812,"saccade",45,13
"1383",20,7327813,7327834,"pso",21,13
"1384",20,7327835,7327977,"fixation",142,13
"1385",20,7327978,7328017,"saccade",39,13
"1386",20,7328018,7328028,"pso",10,13
"1387",20,7328029,7328194,"fixation",165,13
"1388",20,7328195,7328241,"saccade",46,13
"1389",20,7328242,7328275,"pso",33,13
"1390",20,7328276,7328363,"fixation",87,13
"1391",21,7156518,7156629,"fixation",111,13
"1392",21,7156630,7156729,"saccade",99,13
"1393",21,7156730,7156808,"fixation",78,13
"1394",21,7156809,7156847,"saccade",38,13
"1395",21,7156848,7156949,"fixation",101,13
"1396",21,7156950,7156972,"saccade",22,13
"1397",21,7156973,7157345,"fixation",372,13
"1398",21,7157346,7157427,"saccade",81,13
"1399",21,7157428,7157958,"fixation",530,13
"1400",21,7157959,7157996,"saccade",37,13
"1401",21,7157997,7158016,"pso",19,13
"1402",21,7158017,7158185,"fixation",168,13
"1403",21,7158186,7158211,"saccade",25,13
"1404",21,7158212,7158217,"pso",5,13
"1405",21,7158218,7158269,"fixation",51,13
"1406",21,7158270,7158345,"saccade",75,13
"1407",21,7158414,7158473,"saccade",59,13
"1408",21,7158474,7158492,"pso",18,13
"1409",21,7158493,7158596,"fixation",103,13
"1410",21,7158597,7158620,"saccade",23,13
"1411",21,7158621,7158634,"pso",13,13
"1412",21,7158635,7158724,"fixation",89,13
"1413",21,7158725,7158761,"saccade",36,13
"1414",21,7158762,7158771,"pso",9,13
"1415",21,7158772,7158892,"fixation",120,13
"1416",21,7158893,7158935,"saccade",42,13
"1417",21,7158936,7158953,"pso",17,13
"1418",21,7158954,7159198,"fixation",244,13
"1419",21,7159199,7159218,"saccade",19,13
"1420",21,7159219,7159229,"pso",10,13
"1421",21,7159230,7159585,"fixation",355,13
"1422",21,7159586,7159638,"saccade",52,13
"1423",21,7159639,7159650,"pso",11,13
"1424",21,7159651,7159721,"fixation",70,13
"1425",21,7159722,7159764,"saccade",42,13
"1426",21,7159839,7159889,"saccade",50,13
"1427",21,7159890,7159897,"pso",7,13
"1428",21,7159898,7160085,"fixation",187,13
"1429",21,7160086,7160124,"saccade",38,13
"1430",21,7160125,7160151,"pso",26,13
"1431",21,7160152,7160258,"fixation",106,13
"1432",21,7160259,7160301,"saccade",42,13
"1433",21,7160302,7160317,"pso",15,13
"1434",21,7160318,7160450,"fixation",132,13
"1435",21,7160451,7160501,"saccade",50,13
"1436",21,7160502,7160520,"pso",18,13
"1437",21,7160521,7160531,"fixation",10,13
"1438",22,7249446,7249578,"fixation",132,13
"1439",22,7249579,7249633,"saccade",54,13
"1440",22,7249634,7249649,"pso",15,13
"1441",22,7249650,7249881,"fixation",231,13
"1442",22,7249882,7249898,"saccade",16,13
"1443",22,7249899,7249912,"pso",13,13
"1444",22,7249913,7250038,"fixation",125,13
"1445",22,7250039,7250071,"saccade",32,13
"1446",22,7250072,7250087,"pso",15,13
"1447",22,7250088,7250213,"fixation",125,13
"1448",22,7250214,7250265,"saccade",51,13
"1449",22,7250266,7250277,"pso",11,13
"1450",22,7250278,7250404,"fixation",126,13
"1451",22,7250405,7250444,"saccade",39,13
"1452",22,7250445,7250456,"pso",11,13
"1453",22,7250457,7250594,"fixation",137,13
"1454",22,7250595,7250635,"saccade",40,13
"1455",22,7250636,7250652,"pso",16,13
"1456",22,7250653,7250953,"fixation",300,13
"1457",23,7447781,7447799,"unclear",18,13
"1458",23,7447800,7447926,"fixation",126,13
"1459",23,7447927,7447963,"saccade",36,13
"1460",23,7447964,7447977,"pso",13,13
"1461",23,7447978,7448131,"fixation",153,13
"1462",23,7448132,7448148,"saccade",16,13
"1463",23,7448149,7448158,"pso",9,13
"1464",23,7448159,7448691,"fixation",532,13
"1465",23,7448692,7448722,"saccade",30,13
"1466",23,7448723,7448734,"pso",11,13
"1467",23,7448735,7448822,"fixation",87,13
"1468",23,7448823,7448868,"saccade",45,13
"1469",23,7448869,7448881,"pso",12,13
"1470",23,7448882,7448945,"fixation",63,13
"1471",23,7448946,7448979,"saccade",33,13
"1472",23,7448980,7449267,"fixation",287,13
"1473",23,7449268,7449324,"saccade",56,13
"1474",23,7449325,7449445,"fixation",120,13
"1475",24,7281695,7281841,"fixation",146,13
"1476",24,7281842,7281895,"saccade",53,13
"1477",24,7281896,7281914,"pso",18,13
"1478",24,7281915,7282100,"fixation",185,13
"1479",24,7282101,7282123,"saccade",22,13
"1480",24,7282124,7282139,"pso",15,13
"1481",24,7282140,7282332,"fixation",192,13
"1482",24,7282333,7282423,"saccade",90,13
"1483",24,7282424,7282493,"unclear",69,13
"1484",24,7282494,7282651,"fixation",157,13
"1485",24,7282652,7282700,"saccade",48,13
"1486",24,7282701,7282715,"pso",14,13
"1487",24,7282716,7282848,"fixation",132,13
"1488",24,7282849,7282901,"saccade",52,13
"1489",24,7282902,7282911,"pso",9,13
"1490",24,7282912,7283145,"fixation",233,13
"1491",24,7283146,7283196,"saccade",50,13
"1492",24,7283197,7283209,"pso",12,13
"1493",24,7283210,7283322,"fixation",112,13
"1494",24,7283323,7283369,"saccade",46,13
"1495",24,7283370,7283384,"pso",14,13
"1496",24,7283385,7283513,"fixation",128,13
"1497",24,7283514,7283558,"saccade",44,13
"1498",24,7283559,7283695,"fixation",136,13
"1499",24,7283696,7283799,"saccade",103,13
"1500",24,7283800,7283835,"fixation",35,13
"1501",25,7443900,7444048,"fixation",148,13
"1502",25,7444049,7444084,"saccade",35,13
"1503",25,7444085,7444096,"pso",11,13
"1504",25,7444097,7444282,"fixation",185,13
"1505",25,7444283,7444308,"saccade",25,13
"1506",25,7444309,7444333,"pso",24,13
"1507",25,7444334,7444881,"fixation",547,13
"1508",25,7444882,7444895,"saccade",13,13
"1509",25,7444896,7444910,"pso",14,13
"1510",25,7444911,7444951,"fixation",40,13
"1511",25,7444952,7444982,"saccade",30,13
"1512",25,7444983,7444998,"pso",15,13
"1513",25,7444999,7445161,"fixation",162,13
"1514",25,7445162,7445210,"saccade",48,13
"1515",25,7445211,7445223,"pso",12,13
"1516",25,7445224,7445366,"fixation",142,13
"1517",25,7445367,7445403,"saccade",36,13
"1518",25,7445404,7445415,"pso",11,13
"1519",25,7445416,7445614,"fixation",198,13
"1520",25,7445615,7445645,"saccade",30,13
"1521",25,7445646,7445870,"fixation",224,13
"1522",25,7445871,7445940,"saccade",69,13
"1523",25,7445941,7446125,"fixation",184,13
"1524",26,7453626,7453840,"unclear",214,13
"1525",26,7453841,7453918,"fixation",77,13
"1526",26,7453919,7453958,"saccade",39,13
"1527",26,7454046,7454118,"saccade",72,13
"1528",26,7454119,7454289,"fixation",170,13
"1529",26,7454290,7454306,"saccade",16,13
"1530",26,7454307,7454326,"pso",19,13
"1531",26,7454327,7454447,"fixation",120,13
"1532",26,7454448,7454466,"saccade",18,13
"1533",26,7454467,7454485,"pso",18,13
"1534",26,7454486,7454578,"fixation",92,13
"1535",26,7454579,7454623,"saccade",44,13
"1536",26,7454624,7454642,"pso",18,13
"1537",26,7454643,7454785,"fixation",142,13
"1538",26,7454786,7454822,"saccade",36,13
"1539",26,7454823,7454837,"pso",14,13
"1540",26,7454838,7454989,"fixation",151,13
"1541",26,7454990,7455030,"saccade",40,13
"1542",26,7455031,7455040,"pso",9,13
"1543",26,7455041,7455190,"fixation",149,13
"1544",26,7455191,7455239,"saccade",48,13
"1545",26,7455240,7455261,"fixation",21,13
"1546",27,7482468,7482656,"fixation",188,13
"1547",27,7482657,7482707,"saccade",50,13
"1548",27,7482708,7482729,"pso",21,13
"1549",27,7482730,7482902,"fixation",172,13
"1550",27,7482903,7482941,"saccade",38,13
"1551",27,7482942,7482960,"pso",18,13
"1552",27,7482961,7483214,"fixation",253,13
"1553",27,7483215,7483258,"saccade",43,13
"1554",27,7483259,7483281,"pso",22,13
"1555",27,7483282,7483343,"fixation",61,13
"1556",27,7483344,7483386,"saccade",42,13
"1557",27,7483387,7483399,"pso",12,13
"1558",27,7483400,7483606,"fixation",206,13
"1559",28,7255782,7256041,"fixation",259,13
"1560",28,7256042,7256079,"saccade",37,13
"1561",28,7256080,7256088,"pso",8,13
"1562",28,7256089,7256299,"fixation",210,13
"1563",28,7256300,7256318,"saccade",18,13
"1564",28,7256319,7256330,"pso",11,13
"1565",28,7256331,7256624,"fixation",293,13
"1566",28,7256625,7256643,"saccade",18,13
"1567",28,7256644,7256656,"pso",12,13
"1568",28,7256657,7256797,"fixation",140,13
"1569",28,7256798,7256843,"saccade",45,13
"1570",28,7256844,7256857,"saccade",13,13
"1571",28,7256858,7256928,"fixation",70,13
"1572",28,7256929,7256967,"saccade",38,13
"1573",28,7256968,7256993,"pso",25,13
"1574",28,7256994,7257154,"fixation",160,13
"1575",28,7257155,7257179,"saccade",24,13
"1576",28,7257180,7257190,"pso",10,13
"1577",28,7257191,7257350,"fixation",159,13
"1578",28,7257351,7257379,"saccade",28,13
"1579",28,7257380,7257397,"pso",17,13
"1580",28,7257398,7257452,"fixation",54,13
"1581",29,7473642,7473742,"fixation",100,13
"1582",29,7473743,7473785,"saccade",42,13
"1583",29,7473786,7473796,"pso",10,13
"1584",29,7473797,7473895,"fixation",98,13
"1585",29,7473896,7473937,"saccade",41,13
"1586",29,7473938,7473949,"pso",11,13
"1587",29,7473950,7474077,"fixation",127,13
"1588",29,7474078,7474094,"pso",16,13
"1589",29,7474095,7474697,"fixation",602,13
"1590",29,7474698,7474735,"saccade",37,13
"1591",29,7474736,7474749,"pso",13,13
"1592",29,7474750,7474974,"fixation",224,13
"1593",29,7474975,7474990,"saccade",15,13
"1594",29,7474991,7475001,"pso",10,13
"1595",29,7475002,7475130,"fixation",128,13
"1596",29,7475131,7475170,"saccade",39,13
"1597",29,7475171,7475306,"fixation",135,13
"1598",29,7475307,7475355,"saccade",48,13
"1599",29,7475356,7475378,"pso",22,13
"1600",29,7475379,7475732,"fixation",353,13
"1601",29,7475733,7475754,"saccade",21,13
"1602",29,7475755,7475776,"pso",21,13
"1603",29,7475777,7475973,"fixation",196,13
"1604",29,7475974,7475998,"saccade",24,13
"1605",29,7475999,7476013,"pso",14,13
"1606",29,7476014,7476151,"fixation",137,13
"1607",29,7476152,7476210,"saccade",58,13
"1608",29,7476211,7476221,"pso",10,13
"1609",29,7476222,7476278,"fixation",56,13
"1610",30,7291883,7292053,"fixation",170,13
"1611",30,7292054,7292085,"saccade",31,13
"1612",30,7292086,7292098,"pso",12,13
"1613",30,7292099,7292233,"fixation",134,13
"1614",30,7292234,7292267,"saccade",33,13
"1615",30,7292268,7293021,"fixation",753,13
"1616",30,7293022,7293046,"saccade",24,13
"1617",30,7293047,7293059,"pso",12,13
"1618",30,7293060,7293187,"fixation",127,13
"1619",30,7293188,7293208,"saccade",20,13
"1620",30,7293209,7293220,"pso",11,13
"1621",30,7293221,7293277,"fixation",56,13
"1622",30,7293278,7293319,"saccade",41,13
"1623",30,7293320,7293343,"pso",23,13
"1624",30,7293344,7293422,"fixation",78,13
"1625",30,7293423,7293453,"saccade",30,13
"1626",30,7293454,7293467,"pso",13,13
"1627",30,7293468,7293670,"fixation",202,13
"1628",30,7293671,7293706,"saccade",35,13
"1629",30,7293707,7293725,"pso",18,13
"1630",30,7293726,7293795,"fixation",69,13
"1631",31,7162317,7162327,"fixation",10,13
"1632",31,7162328,7162375,"saccade",47,13
"1633",31,7162376,7162393,"pso",17,13
"1634",31,7162394,7163028,"fixation",634,13
"1635",31,7163029,7163058,"saccade",29,13
"1636",31,7163059,7163077,"pso",18,13
"1637",31,7163078,7163211,"fixation",133,13
"1638",31,7163212,7163259,"saccade",47,13
"1639",31,7163260,7163281,"pso",21,13
"1640",31,7163282,7163457,"fixation",175,13
"1641",31,7163458,7163496,"saccade",38,13
"1642",31,7163497,7163508,"pso",11,13
"1643",31,7163509,7163684,"fixation",175,13
"1644",31,7163685,7163726,"saccade",41,13
"1645",31,7163727,7163735,"pso",8,13
"1646",31,7163736,7163914,"fixation",178,13
"1647",32,7484866,7484973,"fixation",107,13
"1648",32,7484974,7485060,"saccade",86,13
"1649",32,7485061,7485085,"pso",24,13
"1650",32,7485086,7485229,"fixation",143,13
"1651",32,7485230,7485249,"saccade",19,13
"1652",32,7485250,7485274,"pso",24,13
"1653",32,7485275,7485463,"fixation",188,13
"1654",32,7485464,7485478,"saccade",14,13
"1655",32,7485479,7485490,"pso",11,13
"1656",32,7485491,7485600,"fixation",109,13
"1657",32,7485601,7485619,"saccade",18,13
"1658",32,7485620,7485631,"pso",11,13
"1659",32,7485632,7485712,"fixation",80,13
"1660",32,7485713,7485752,"saccade",39,13
"1661",32,7485753,7485778,"pso",25,13
"1662",32,7485779,7485867,"fixation",88,13
"1663",32,7485868,7485913,"saccade",45,13
"1664",32,7485914,7485927,"pso",13,13
"1665",32,7485928,7486217,"fixation",289,13
"1666",32,7486218,7486263,"saccade",45,13
"1667",32,7486264,7486281,"pso",17,13
"1668",32,7486282,7486326,"fixation",44,13
"1669",33,7314976,7315054,"fixation",78,13
"1670",33,7315055,7315112,"saccade",57,13
"1671",33,7315113,7315120,"pso",7,13
"1672",33,7315121,7315356,"fixation",235,13
"1673",33,7315357,7315384,"saccade",27,13
"1674",33,7315385,7315398,"pso",13,13
"1675",33,7315399,7315505,"fixation",106,13
"1676",33,7315506,7315543,"saccade",37,13
"1677",33,7315544,7315563,"pso",19,13
"1678",33,7315564,7315800,"fixation",236,13
"1679",33,7315801,7315821,"saccade",20,13
"1680",33,7315822,7315837,"pso",15,13
"1681",33,7315838,7315961,"fixation",123,13
"1682",33,7315962,7316011,"saccade",49,13
"1683",33,7316012,7316033,"pso",21,13
"1684",33,7316034,7316175,"fixation",141,13
"1685",33,7316176,7316224,"saccade",48,13
"1686",33,7316225,7316235,"pso",10,13
"1687",33,7316236,7316339,"fixation",103,13
"1688",33,7316340,7316368,"saccade",28,13
"1689",33,7316369,7316483,"fixation",114,13
"1690",33,7316484,7316558,"saccade",74,13
"1691",33,7316559,7316578,"pso",19,13
"1692",33,7316579,7316684,"fixation",105,13
"1693",33,7316685,7316707,"saccade",22,13
"1694",33,7316708,7316802,"fixation",94,13
"1695",33,7316803,7316819,"unclear",16,13
"1696",33,7316820,7316848,"saccade",28,13
"1697",33,7316978,7317049,"saccade",71,13
"1698",33,7317050,7317070,"pso",20,13
"1699",33,7317071,7317167,"fixation",96,13
"1700",33,7317168,7317207,"saccade",39,13
"1701",33,7317208,7317236,"unclear",28,13
"1702",33,7317237,7317270,"saccade",33,13
"1703",33,7317425,7317474,"saccade",49,13
"1704",33,7317475,7317485,"pso",10,13
"1705",33,7317486,7317543,"fixation",57,13
"1706",33,7317544,7317572,"saccade",28,13
"1707",33,7317740,7317769,"saccade",29,13
"1708",33,7317770,7317781,"pso",11,13
"1709",33,7317782,7317989,"fixation",207,13
"1710",33,7317990,7318006,"unclear",16,13
"1711",33,7318007,7318020,"saccade",13,13
"1712",33,7318132,7318182,"saccade",50,13
"1713",33,7318183,7318191,"pso",8,13
"1714",33,7318192,7318276,"fixation",84,13
"1715",33,7318277,7318309,"saccade",32,13
"1716",33,7318310,7318335,"pso",25,13
"1717",33,7318336,7318466,"fixation",130,13
"1718",33,7318467,7318504,"saccade",37,13
"1719",33,7318505,7318527,"pso",22,13
"1720",33,7318528,7318615,"fixation",87,13
"1721",33,7318616,7318674,"saccade",58,13
"1722",33,7318675,7318692,"pso",17,13
"1723",33,7318693,7318731,"fixation",38,13
"1724",34,7285188,7285347,"fixation",159,13
"1725",34,7285348,7285382,"saccade",34,13
"1726",34,7285383,7285408,"pso",25,13
"1727",34,7285409,7285515,"fixation",106,13
"1728",34,7285516,7285538,"saccade",22,13
"1729",34,7285539,7285559,"pso",20,13
"1730",34,7285560,7285863,"fixation",303,13
"1731",34,7285864,7285885,"saccade",21,13
"1732",34,7285886,7285902,"pso",16,13
"1733",34,7285903,7285937,"fixation",34,13
"1734",34,7285938,7285977,"saccade",39,13
"1735",34,7285978,7285997,"pso",19,13
"1736",34,7285998,7286025,"fixation",27,13
"1737",34,7286026,7286068,"saccade",42,13
"1738",34,7286069,7286083,"pso",14,13
"1739",34,7286084,7286196,"fixation",112,13
"1740",34,7286197,7286236,"saccade",39,13
"1741",34,7286237,7286249,"pso",12,13
"1742",34,7286250,7286532,"fixation",282,13
"1743",34,7286533,7286685,"saccade",152,13
"1744",34,7286686,7286811,"fixation",125,13
"1745",35,7189431,7189511,"fixation",80,13
"1746",35,7189512,7189540,"saccade",28,13
"1747",35,7189541,7189551,"pso",10,13
"1748",35,7189552,7189639,"fixation",87,13
"1749",35,7189640,7189687,"saccade",47,13
"1750",35,7189688,7189706,"pso",18,13
"1751",35,7189707,7190054,"fixation",347,13
"1752",35,7190055,7190124,"saccade",69,13
"1753",35,7190125,7190198,"unclear",73,13
"1754",35,7190199,7190224,"saccade",25,13
"1755",35,7190225,7190245,"pso",20,13
"1756",35,7190246,7190344,"fixation",98,13
"1757",35,7190345,7190389,"saccade",44,13
"1758",35,7190390,7190412,"pso",22,13
"1759",35,7190413,7190548,"fixation",135,13
"1760",35,7190549,7190584,"saccade",35,13
"1761",35,7190585,7190598,"pso",13,13
"1762",35,7190599,7190763,"fixation",164,13
"1763",35,7190764,7190807,"saccade",43,13
"1764",35,7190808,7190825,"pso",17,13
"1765",35,7190826,7190938,"fixation",112,13
"1766",36,7408467,7408550,"fixation",83,13
"1767",36,7408551,7408627,"saccade",76,13
"1768",36,7408628,7408654,"pso",26,13
"1769",36,7408655,7408724,"fixation",69,13
"1770",36,7408725,7408762,"saccade",37,13
"1771",36,7408763,7408842,"fixation",79,13
"1772",36,7408843,7408868,"saccade",25,13
"1773",36,7408869,7409055,"fixation",186,13
"1774",36,7409056,7409096,"saccade",40,13
"1775",36,7409097,7409116,"pso",19,13
"1776",36,7409117,7409233,"fixation",116,13
"1777",36,7409234,7409281,"saccade",47,13
"1778",36,7409282,7409292,"pso",10,13
"1779",36,7409293,7409417,"fixation",124,13
"1780",36,7409418,7409464,"saccade",46,13
"1781",36,7409465,7409476,"pso",11,13
"1782",36,7409477,7409709,"fixation",232,13
"1783",36,7409710,7409765,"saccade",55,13
"1784",36,7409766,7409774,"pso",8,13
"1785",36,7409775,7410021,"fixation",246,13
"1786",36,7410022,7410050,"pso",28,13
"1787",36,7410051,7410066,"unclear",15,13
"1788",36,7410067,7410100,"saccade",33,13
"1789",36,7410101,7410111,"pso",10,13
"1790",36,7410112,7410341,"fixation",229,13
"1791",37,7288629,7288718,"fixation",89,13
"1792",37,7288719,7288759,"saccade",40,13
"1793",37,7288760,7288770,"pso",10,13
"1794",37,7288771,7288791,"fixation",20,13
"1795",37,7288792,7288830,"saccade",38,13
"1796",37,7288831,7288842,"pso",11,13
"1797",37,7288843,7289037,"fixation",194,13
"1798",37,7289038,7289056,"saccade",18,13
"1799",37,7289057,7289074,"pso",17,13
"1800",37,7289075,7289621,"fixation",546,13
"1801",37,7289622,7289661,"saccade",39,13
"1802",37,7289662,7289683,"pso",21,13
"1803",37,7289684,7289768,"fixation",84,13
"1804",37,7289769,7289803,"saccade",34,13
"1805",37,7289804,7289829,"pso",25,13
"1806",37,7289830,7290038,"fixation",208,13
"1807",37,7290039,7290159,"saccade",120,13
"1808",37,7290160,7290331,"fixation",171,13
"1809",38,7203263,7203324,"saccade",61,13
"1810",38,7203325,7203614,"fixation",289,13
"1811",38,7203615,7203649,"saccade",34,13
"1812",38,7203650,7203657,"pso",7,13
"1813",38,7203658,7203911,"fixation",253,13
"1814",38,7203912,7203939,"saccade",27,13
"1815",38,7203940,7203960,"pso",20,13
"1816",38,7203961,7204097,"fixation",136,13
"1817",38,7204098,7204137,"saccade",39,13
"1818",38,7204138,7204150,"pso",12,13
"1819",38,7204151,7204257,"fixation",106,13
"1820",38,7204258,7204298,"saccade",40,13
"1821",38,7204299,7204307,"pso",8,13
"1822",38,7204308,7204474,"fixation",166,13
"1823",38,7204475,7204498,"saccade",23,13
"1824",38,7204499,7204511,"pso",12,13
"1825",38,7204512,7204647,"fixation",135,13
"1826",38,7204648,7204705,"saccade",57,13
"1827",39,7329819,7329871,"saccade",52,13
"1828",39,7329872,7329890,"pso",18,13
"1829",39,7329891,7329984,"fixation",93,13
"1830",39,7329985,7330038,"saccade",53,13
"1831",39,7330039,7330059,"pso",20,13
"1832",39,7330060,7330184,"fixation",124,13
"1833",39,7330185,7330205,"saccade",20,13
"1834",39,7330206,7330225,"pso",19,13
"1835",39,7330226,7330375,"fixation",149,13
"1836",39,7330376,7330397,"saccade",21,13
"1837",39,7330398,7330412,"pso",14,13
"1838",39,7330413,7330498,"fixation",85,13
"1839",39,7330499,7330545,"saccade",46,13
"1840",39,7330546,7330564,"pso",18,13
"1841",39,7330565,7330639,"fixation",74,13
"1842",39,7330640,7330686,"saccade",46,13
"1843",39,7330687,7330708,"pso",21,13
"1844",39,7330709,7330945,"fixation",236,13
"1845",39,7330946,7330971,"saccade",25,13
"1846",39,7330972,7330993,"pso",21,13
"1847",39,7330994,7331086,"fixation",92,13
"1848",39,7331087,7331131,"saccade",44,13
"1849",39,7331132,7331151,"pso",19,13
"1850",39,7331152,7331459,"fixation",307,13
"1851",40,7477613,7477661,"unclear",48,13
"1852",40,7477662,7478032,"fixation",370,13
"1853",40,7478033,7478049,"saccade",16,13
"1854",40,7478050,7478062,"pso",12,13
"1855",40,7478063,7478406,"fixation",343,13
"1856",40,7478407,7478435,"saccade",28,13
"1857",40,7478436,7478446,"pso",10,13
"1858",40,7478447,7478525,"fixation",78,13
"1859",40,7478526,7478571,"saccade",45,13
"1860",40,7478572,7478589,"pso",17,13
"1861",40,7478590,7478686,"fixation",96,13
"1862",40,7478687,7478725,"saccade",38,13
"1863",40,7478726,7478740,"pso",14,13
"1864",40,7478741,7478882,"fixation",141,13
"1865",40,7478883,7478926,"saccade",43,13
"1866",40,7478927,7478944,"pso",17,13
"1867",40,7478945,7478982,"fixation",37,13
