method,smoothing,parameter,RMSE_n_saccades,RMSE_mean_sacc_dur,RMSE_sd_sacc_dur,mean_error_n_saccades,mean_error_mean_sacc_dur,mean_error_sd_sacc_dur
EK03,mean,lambda_3,1.8591155638129795,155.57344005921595,71.85572458233912,-0.9223300970873771,33.15369685635789,9.910037459462009
EK03,mean,lambda_2,2.0936798097204523,161.62714245654794,81.16208077156983,0.48058252427184395,48.768559385844085,28.78068965673589
EK03,mean,lambda_4,2.573200191065783,153.60135330418493,69.15805494459443,-1.8155339805825248,22.274958565537297,0.9807674770787358
EK03,mean,lambda_5,3.3580796639040895,153.14619402827563,60.71416489754163,-2.6262135922330074,13.56696994351006,-4.735455461530004
EK03,mean,lambda_6,4.045253721326129,153.01008229015716,61.55871638432565,-3.2864077669902896,7.804958824947926,-7.805148146006644
EK03,mean,lambda_7,4.491091505705638,154.9308936099628,61.96853692848448,-3.7718446601941733,1.9245804981994132,-11.227935348666888
EK03,mean,lambda_8,4.999514539539608,158.6101028654348,65.29098871484169,-4.276699029126217,-2.431448396156803,-14.35924988048629
EK03,mean,lambda_9,5.407204830378623,163.44732945964068,69.13343211642332,-4.733009708737862,-6.51420788741786,-15.647420587660397
EK03,mean,lambda_10,5.802577264683455,169.87680516273085,73.5409598016097,-5.165048543689319,-10.495838372882131,-19.512271656257212
EK03,mean,lambda_11,6.0671805323107435,177.69450734988266,27.484405481989064,-5.432038834951456,-13.737245891605513,-13.100789338076217
EK03,mean,lambda_12,6.333759140855368,187.3400675300728,27.672508453235928,-5.737864077669905,-16.8219994956286,-13.530882667846049
EK03,mean,lambda_13,6.505039122140815,32.45937593316398,27.01887150393787,-5.9563106796116525,-1.0206031103626616,-12.161137573262002
EK03,mean,lambda_14,6.6751968081236726,32.28467729982464,26.59708820955961,-6.150485436893203,-1.0459346465009274,-12.26226408671551
EK03,mean,lambda_15,6.795201047912665,17.176923325981917,31.014502940426095,-6.300970873786405,1.9839848475541315,-14.353406273497008
EK03,median,lambda_3,1.747397510085335,155.32915612962245,71.08516583321467,-0.6165048543689309,29.46073527222534,8.893497276981511
EK03,median,lambda_2,2.4095280124369687,158.89236278823125,80.70230744611727,1.019417475728156,40.9108661629952,25.74506365221236
EK03,median,lambda_4,2.445522955171726,153.34097736466927,69.9465094595077,-1.5728155339805823,18.79993093156442,1.0136002654551493
EK03,median,lambda_5,3.223096262068993,150.26507880144982,67.1005838249696,-2.359223300970876,11.513430176279325,-6.946534695546482
EK03,median,lambda_6,3.795756445070106,148.79146450638353,69.22145803984742,-2.951456310679609,6.288330066489425,-9.811876642145979
EK03,median,lambda_7,4.247786402396941,154.11921350806693,70.36663385651856,-3.461165048543688,2.6060555052653434,-11.979569543549914
EK03,median,lambda_8,4.6320957114044665,157.12502441723467,63.40706185679959,-3.8543689320388332,-1.8111828064174142,-11.03609818185219
EK03,median,lambda_9,5.013089662190878,160.33504077910266,29.609583768975966,-4.266990291262138,-5.907462072998989,-7.956930111955008
EK03,median,lambda_10,5.408551301824363,165.11352058381095,31.30867699108075,-4.669902912621362,-8.901753779083196,-9.228505844941552
EK03,median,lambda_11,5.701728574552114,169.6225150736725,31.142480014524956,-4.975728155339804,-11.906054064592372,-12.452057161900939
EK03,median,lambda_12,5.968363194654041,177.05457387633433,28.92568287061977,-5.291262135922333,-13.805314054326526,-11.643241553395798
EK03,median,lambda_13,6.20248932174879,183.24091008758765,28.54386570892354,-5.567961165048544,-15.574705442775556,-12.062097208080361
EK03,median,lambda_14,6.389463413968861,194.25787911958935,29.03113690913229,-5.78640776699029,-17.971282325353865,-15.426586247122339
EK03,median,lambda_15,6.499066400466295,201.72918783840328,30.284420958720368,-5.927184466019419,-21.026461944576045,-15.063179798936728
EK03,raw,lambda_3,1.8314936341791728,154.6131596764963,70.81038866052229,-0.6553398058252429,25.00128190421069,6.916252999948619
EK03,raw,lambda_2,2.51017347483922,155.92149459994909,76.75662180740069,1.281553398058253,34.500285017543334,22.38524946351484
EK03,raw,lambda_4,2.5313567489177173,151.56065126887756,67.43723494137303,-1.6019417475728177,12.977750742114887,-4.066187326434302
EK03,raw,lambda_5,3.40829940797004,149.4730398724951,61.65316459702663,-2.4902912621359206,7.844248127041348,-5.376246686219696
EK03,raw,lambda_6,3.927127461273362,153.4377420355813,62.58145348730099,-3.0922330097087394,2.601635173432387,-9.270056115013535
EK03,raw,lambda_7,4.428504316971687,156.0122036036546,63.568401726902984,-3.6504854368932027,-1.425749527488411,-11.89024147763796
EK03,raw,lambda_8,4.804427569632478,158.3146678601211,65.37914149031666,-4.053398058252428,-5.662215019971685,-12.597962214712764
EK03,raw,lambda_9,5.185865779548786,162.29487594918646,66.65597212201689,-4.466019417475724,-9.554927503721506,-14.91932139035892
EK03,raw,lambda_10,5.566892424156939,167.66355611538955,70.68639161309424,-4.854368932038833,-12.284081319581858,-17.511889028749504
EK03,raw,lambda_11,5.94840273902424,176.1792080282726,30.27534555582731,-5.28640776699029,-13.618378998551044,-12.7026625427358
EK03,raw,lambda_12,6.178179579181989,180.81683471768395,31.141013157175255,-5.577669902912623,-15.359198394378776,-16.549179988766547
EK03,raw,lambda_13,6.406156019912119,195.1934802271248,32.60738825152623,-5.834951456310681,-19.26665069390199,-16.80851174241747
EK03,raw,lambda_14,6.584034823959149,19.394772263662023,35.356046186346234,-6.04854368932039,-1.1456086438111701,-18.080511976071044
EK03,raw,lambda_15,6.728435528426664,19.182682908206985,29.438363711085913,-6.21359223300971,-0.24700852139313795,-15.756685556646392
EK03,sg,lambda_2,2.03369671536763,164.3778573913027,83.35294795285988,-0.9126213592233006,64.52972755108556,37.50316996645607
EK03,sg,lambda_3,3.537592840731691,159.43151449424508,68.6399876829415,-2.825242718446601,38.08331465781066,12.99984353290655
EK03,sg,lambda_4,4.9004656010216125,160.86304216675688,72.2171643395081,-4.325242718446601,20.717202825114143,1.103871665772835
EK03,sg,lambda_5,5.75342869492382,169.3679423849446,77.4230609077092,-5.257281553398058,9.18129491183831,-7.74248070715882
EK03,sg,lambda_6,6.380720353769606,197.25908340508437,98.23218406916513,-5.888349514563108,-1.6072152650027371,-14.416894928128391
EK03,sg,lambda_7,6.780182430171608,52.414401860915355,26.28873458828797,-6.310679611650485,13.540313972465798,-3.5788320244935035
EK03,sg,lambda_8,6.956173482207235,50.914291296689036,25.30932479927053,-6.4951456310679605,5.367360959509226,-3.4241531201476096
EK03,sg,lambda_9,7.105652064528345,58.95145330829889,24.02651937863235,-6.645631067961166,-5.122213813535518,3.1689102093361696
EK03,sg,lambda_10,7.188853291762563,74.80869001569604,10.08366244482631,-6.766990291262138,-9.507538570240062,-0.8796718687089298
EK03,sg,lambda_11,7.221193188660801,71.345035711523,14.59330972285451,-6.805825242718446,-12.780357487380751,-14.59330972285451
EK03,sg,lambda_12,7.255730912041953,85.3912576273314,NA,-6.839805825242717,-20.33095049056709,NA
EK03,sg,lambda_13,7.273105131402075,14.02447826999358,NA,-6.859223300970873,3.6268625498854217,NA
EK03,sg,lambda_14,7.2761079962309205,14.816575262246184,NA,-6.864077669902914,-2.068611530342008,NA
EK03,sg,lambda_15,7.283776359708775,7.813202085692487,NA,-6.878640776699029,3.0015301945268194,NA
IDT,mean,disp_5,3.3566337737772565,154.9933428116202,103.96304089573299,-1.5776699029126242,-8.38481550534397,-3.5640264780903896
IDT,mean,disp_5.5,3.4189648123883205,156.53688672201793,112.37469782414335,-1.7864077669902894,-7.3176483672868935,-1.1565645852853628
IDT,mean,disp_6,3.5051972507963542,158.1648455022952,126.05552065329648,-2.043689320388347,-7.0199507724251395,1.9494933483573578
IDT,mean,disp_6.5,3.565612462538474,152.974847668221,80.36483091432383,-2.3252427184466016,-10.155701538267081,1.7853562040110484
IDT,mean,disp_4.5,3.5683343045092983,158.48342760126718,69.47950277615034,-1.3640776699029133,-11.265158106043087,-9.504110828159446
IDT,mean,disp_7,3.602183803658529,162.17324401674026,133.11579190510173,-2.451456310679608,-5.889488931439528,4.829820242620802
IDT,mean,disp_3.5,3.6377204000222254,159.32630144810145,69.60974441729982,-0.980582524271843,-11.048620285603254,-15.087878253668409
IDT,mean,disp_4,3.706462474876808,159.68785713118453,69.9675499813891,-1.242718446601942,-11.79108852129861,-13.030247932919766
IDT,mean,disp_3,3.7565476817733723,159.5149951082578,68.440859539896,-0.7038834951456345,-8.962011384909571,-11.267184872776618
IDT,mean,disp_7.5,3.833931288666186,151.89826190052855,92.89067285136954,-2.7669902912621387,-10.086502534624728,-2.4103818224813507
IDT,mean,disp_2.5,3.8736099918463704,159.88459138520582,68.06292546835776,-0.14077669902912862,-5.017174963081587,-7.863913507882835
IDT,mean,disp_8,4.0193705733392155,150.83571142909233,93.2474965034182,-3.0873786407766954,-10.382248165524583,-3.3128141662584056
IDT,mean,disp_2,4.338806600719443,160.26583379300052,68.73417182662021,0.3689320388349543,-1.0390459661067672,-5.493287703989071
IDT,mean,disp_1.5,4.9883359094623,157.43445376765612,68.99864650353524,1.0388349514563064,4.468807908521275,0.224788606162954
IDT,mean,disp_1,5.930831078487516,158.5309940054561,69.97111122643359,2.184466019417478,14.00705641111168,11.072276492579153
IDT,median,disp_4,2.906303828189263,158.60598528000014,116.86087355778362,-0.6407766990291243,-2.3184838676549275,8.585164608775797
IDT,median,disp_4.5,2.9088081835252875,157.52387492747633,125.3956751833605,-0.9951456310679633,-1.990596877152807,9.105144323311066
IDT,median,disp_3.5,2.9764447417969766,156.46681093307785,113.26771567703639,-0.3252427184466027,-2.245402065263806,8.043702956494895
IDT,median,disp_3,3.12055509127301,155.95780773073815,109.92456865322136,0.1456310679611655,-1.9396874439170961,6.522877897888356
IDT,median,disp_5.5,3.190550367959336,157.9776348396495,127.0586545501851,-1.781553398058254,-3.523868613329769,5.760772853066709
IDT,median,disp_5,3.1989075805246157,157.78343531436653,125.33902553960247,-1.553398058252427,-3.0024938069463616,6.240330870285255
IDT,median,disp_6,3.23136930306883,157.72401794261006,126.88214637418909,-2.004854368932036,-2.9171133293562006,6.245793630711487
IDT,median,disp_6.5,3.342140468714822,158.61676342126808,128.34628856448262,-2.237864077669906,-2.077928235867359,7.055761524020959
IDT,median,disp_2.5,3.5176393231494028,153.4442008644429,87.96009783301443,0.4805825242718443,-2.0636291366330166,3.103551035296211
IDT,median,disp_7,3.5403362245024543,162.20387902840375,134.31309760707862,-2.514563106796116,-2.698906114943696,9.168856299948072
IDT,median,disp_7.5,3.7031867672330114,162.83060961611233,135.77394117531378,-2.72330097087379,-1.9299768457622188,10.44638848508697
IDT,median,disp_8,3.8911150971192177,162.44518812838683,140.61709587397576,-3.014563106796116,-1.743103913921221,11.424711412314071
IDT,median,disp_2,4.124282814970875,154.815444947931,86.59888518281204,1.378640776699029,-1.0877653594389278,2.674877108557997
IDT,median,disp_1.5,5.563403302896492,156.23939196535622,85.52248300711747,2.6213592233009715,2.09974543882235,7.120643201908636
IDT,median,disp_1,6.4322458292393465,153.1927696520083,73.88718126744145,3.626213592233013,12.738388009534534,14.813637826369805
IDT,raw,disp_5.5,2.783446212078469,155.35962789925875,119.49454407209407,-0.7087378640776659,-1.9599057290431592,10.319896714328955
IDT,raw,disp_5,2.884508337570645,158.08897577939732,115.44809427244972,-0.3592233009708755,-3.178183250442533,8.425889768351277
IDT,raw,disp_6,2.899614972766432,154.85499775097836,116.915146117134,-1.1844660194174788,-3.3147112501087683,5.95341358899158
IDT,raw,disp_6.5,3.0417802656447805,157.01225444740027,123.02979077127505,-1.5242718446601953,-2.4222702198267756,7.3999744860007866
IDT,raw,disp_7,3.0963492439931084,157.28521237000282,124.72891922787844,-1.8300970873786373,-2.680307514805634,7.252504999334141
IDT,raw,disp_4.5,3.175299083841499,155.62080077297426,110.56155075819,-0.043689320388347,-3.808467181339967,6.590138492582786
IDT,raw,disp_7.5,3.279829500659756,157.52632640666386,125.8577539233938,-2.126213592233007,-2.3633940668246307,7.966387043202981
IDT,raw,disp_4,3.4267650118737265,154.1564911693237,99.07759317148388,0.5679611650485463,-4.128931569414419,4.036744247277118
IDT,raw,disp_8,3.506581883380792,158.97137441692144,124.64843315687969,-2.4805825242718482,-2.800830251680194,8.095748167191834
IDT,raw,disp_3.5,4.189677560177205,154.76034977111294,97.93652825746317,1.378640776699029,-2.545344739791401,7.245730699964705
IDT,raw,disp_1,4.30003386755685,223.3679707494538,147.09070360025413,-0.3834951456310666,108.44607454125855,84.05478785783069
IDT,raw,disp_3,5.070857149734125,154.5681180389117,93.5890024346212,2.2184466019417513,0.9879581780569314,9.908098687359278
IDT,raw,disp_1.5,5.5612214904658694,163.5915326732196,97.38931375258223,2.6456310679611637,38.89524893524731,36.43295090774226
IDT,raw,disp_2.5,5.918540885521721,154.4234810020082,86.74718796833021,3.174757281553394,3.718824686876589,8.937606941750982
IDT,raw,disp_2,6.401228644201035,156.1265410445596,83.34270310852276,3.6747572815533935,13.809328188168978,17.53615949976814
IDT,sg,disp_6.5,3.4794821621190803,157.09255001306022,122.80538342990671,-1.7184466019417477,-10.031541954731598,-0.16559586480121277
IDT,sg,disp_6,3.5423923680643292,156.60233847423137,106.46808220593756,-1.3932038834951446,-11.76157978306422,-3.541609558432337
IDT,sg,disp_5.5,3.560162535833636,152.04151832434854,69.08071244775161,-1.043689320388347,-17.52538121652963,-16.07889978980314
IDT,sg,disp_5,3.5825900485976154,152.60887103264804,71.08949031661281,-0.6019417475728152,-16.690652218273907,-15.573764035995495
IDT,sg,disp_7,3.58665271108075,156.60841984327251,94.97039942810166,-2.1747572815533975,-13.154572915530697,-6.991743131270469
IDT,sg,disp_7.5,3.676876048458551,164.80862287279592,135.1400246851007,-2.422330097087376,-12.768123916803448,-4.682749879612963
IDT,sg,disp_4.5,3.7983133712240518,31.8179361027382,69.64810701626179,-0.07766990291262417,-5.370119488976555,-14.413816833820752
IDT,sg,disp_4,3.969544250086911,155.4590767264064,83.69432580058321,0.6699029126213639,-13.699927817778219,-10.062971348765982
IDT,sg,disp_8,4.073952304414076,156.2574389022657,79.3885618825916,-2.9368932038834923,-16.90278999105698,-10.174305323004983
IDT,sg,disp_3.5,4.161193816752895,155.45417271586155,100.61088395254596,1.286407766990289,-9.145100215750189,-0.928074735133386
IDT,sg,disp_3,4.227165958279254,151.94301886031255,93.49841552717028,1.8203883495145663,-4.627087570969838,5.047731173228246
IDT,sg,disp_2.5,4.825599213257385,153.09956775842036,97.11700266026462,2.4417475728155376,1.6687320301011679,12.074008702554416
IDT,sg,disp_1.5,4.835648368691738,159.6971886559304,76.64084579856528,1.9174757281553352,19.691853262599672,25.19044382784824
IDT,sg,disp_2,4.948276153692709,156.1791109459002,77.64227403202015,2.7961165048543637,7.840057798565438,18.216382979872762
IDT,sg,disp_1,5.223639322061803,165.31882116406146,94.59748854827382,1.4029126213592198,37.098856492283666,46.25222578881787
IHMM,mean,none,2.232809193192263,175.01018569348952,143.21051357652993,-1.1990291262135924,28.928379627361487,19.140185323246065
IHMM,median,none,3.104178205273836,151.6484586541363,62.17780979033988,-1.5485436893203877,-2.0884782421777426,-4.939347382151353
IHMM,raw,none,3.5451320377453577,161.3023503738989,69.90118327125398,-1.7912621359223304,-0.09045851286740723,-8.545847506809777
IHMM,sg,none,3.496877941794055,254.72485431486962,207.65299875673585,-2.742718446601942,143.6856710011031,96.94495739377264
IVT,mean,vel_35,2.0515208661082798,152.55069939628845,63.72981186587964,-0.9854368932038843,8.247917219025005,-8.740686871794138
IVT,mean,vel_30,2.070364162892676,151.86633606633433,62.9296185176271,-0.23786407766990278,10.157596685246391,-6.005276687081527
IVT,mean,vel_40,2.47021087107413,152.37428240668717,64.0017985878572,-1.5776699029126235,6.20982887930913,-11.289249893158035
IVT,mean,vel_25,2.6658574824069,152.26554650604808,63.78141579137808,0.8640776699029132,13.130395368266266,-1.378446339824642
IVT,mean,vel_45,2.877768822900523,151.99235890975845,64.75203584080027,-2.0097087378640777,3.6516677040192906,-12.875812816130445
IVT,mean,vel_50,3.2268593646490555,151.42989103684113,65.36299552918626,-2.364077669902913,0.8974943404987412,-14.153380586624435
IVT,mean,vel_55,3.6243512978320833,151.60240291220887,65.68127503059493,-2.6990291262135937,-1.1003331957691311,-14.73749443212787
IVT,mean,vel_20,3.789997054075755,152.80235592932718,64.31366333334186,2.199029126213592,17.78806281110061,5.904459328337645
IVT,mean,vel_60,3.8873706390614298,152.92827555960866,66.68905520012594,-2.985436893203884,-3.0020078152869063,-15.53935971747471
IVT,mean,vel_65,4.164692088759357,154.38513518173377,67.92563390906516,-3.2669902912621382,-4.440823123164534,-15.685105405800625
IVT,mean,vel_70,4.404873735007536,156.66728814221503,69.60664485730317,-3.538834951456312,-5.95286629794672,-16.890434229071715
IVT,median,vel_35,2.7154716731660065,149.13927686922923,64.9634508422146,-0.7912621359223335,-4.638143553872414,-11.389209860866778
IVT,median,vel_30,2.758921978860021,149.86920970349004,66.46806933997296,-0.019417475728153666,-0.48131485499865945,-6.534580210925521
IVT,median,vel_40,2.93207901984936,151.75627362374183,65.7909764238063,-1.3932038834951446,-7.424587660268461,-13.184907266401902
IVT,median,vel_25,3.140712923828426,150.51677190599042,66.78592735907576,0.8834951456310683,4.023643756091009,-1.2767259134934752
IVT,median,vel_45,3.1553622105253867,151.7216988146495,66.22032440477584,-1.9077669902912606,-9.772777639508497,-15.70038432965575
IVT,median,vel_50,3.4387850642991067,151.93161601516377,67.12916743904927,-2.4368932038834927,-10.8677315825731,-17.191075937975366
IVT,median,vel_20,3.6623245840890872,150.73069066302386,67.29228820348439,2.014563106796116,8.076533975036394,5.073649641277874
IVT,median,vel_55,3.749433614185543,152.00057568352497,59.483017732075496,-2.825242718446601,-12.168813221984063,-16.428718560858226
IVT,median,vel_60,4.010907458515677,152.02829452101972,60.468378345540565,-3.1844660194174783,-13.245728756387578,-17.201873339253726
IVT,median,vel_65,4.325359853709016,152.75500253056657,61.54251304139602,-3.524271844660196,-14.364898264255993,-17.981352529313913
IVT,median,vel_70,4.502426530238357,153.5309454360309,62.65439810850463,-3.718446601941746,-15.356563041925046,-18.52360433197805
IVT,raw,vel_70,3.4267650118737265,151.85977570453696,64.72284810873809,-0.11165048543689436,-10.477575987019287,-13.164138579493493
IVT,raw,vel_65,3.5478695918503957,151.89832071665134,64.68581605796774,0.6165048543689305,-8.482289373640889,-10.62474300012609
IVT,raw,vel_60,3.802783855091386,151.59147530062924,64.3345600860787,1.3543689320388363,-6.527762710648395,-8.62177959725358
IVT,raw,vel_55,4.251784319895899,151.65102928126907,64.92532574702308,2.0388349514563093,-3.2449020557209525,-5.554745684481004
IVT,raw,vel_50,4.730606808507658,152.21729820539048,66.473360303889,2.766990291262136,0.8960143254481057,-0.6357858972936329
IVT,raw,vel_45,5.3566943871460095,152.76190493989424,66.84162610414442,3.5970873786407767,4.5709776697067195,3.4286794299072687
IVT,raw,vel_20,5.598630206950157,178.81980073867365,105.10136909412077,4.2961165048543695,69.730345915108,63.12226576769587
IVT,raw,vel_40,5.731449603992586,153.54965344701216,66.90354440340882,4.3058252427184485,9.081889191292156,7.610335391867164
IVT,raw,vel_35,6.0072771403337715,154.07813000866065,68.7934519146251,4.805825242718448,16.724294613958033,14.690018564989611
IVT,raw,vel_25,6.147064971756054,163.6757006880283,85.78493452691934,5.029126213592232,42.70615054800056,40.612206491211424
IVT,raw,vel_30,6.2922359308681965,156.92384122399218,73.36575006844603,5.194174757281553,26.202685106977334,23.778760646250856
IVT,sg,vel_20,2.302383737300628,164.32490102422787,79.07467930549738,0.5922330097087394,52.48929408507978,36.337979749931485
IVT,sg,vel_25,2.3389899072907023,161.44115533249916,73.96674578963139,0.04368932038834738,41.57831227381054,25.27028252447845
IVT,sg,vel_30,2.4692280936844986,158.7822558686547,72.83701389130073,-0.5533980582524277,32.418313074830444,20.14599391760414
IVT,sg,vel_35,2.882824936004699,157.5307648430127,72.16382292342911,-1.2135922330097102,26.33433354488966,13.951629563691887
IVT,sg,vel_40,3.2148019311165448,155.53496885030285,48.87016900855452,-1.6747572815533966,18.25614543711545,11.67666143553086
IVT,sg,vel_45,3.6893970354838292,155.9527409575918,35.79865915942861,-2.320388349514565,14.488674217844205,10.325998821022424
IVT,sg,vel_50,4.110134290202104,157.97686798286304,31.99992626057452,-2.8737864077669912,10.720836787875976,9.225073889726872
IVT,sg,vel_55,4.490551028959509,159.45960783975605,30.380592538530557,-3.2912621359223335,6.286852080227658,7.83885951085828
IVT,sg,vel_60,4.798867180240794,161.9134657272952,28.73374979501142,-3.7281553398058267,5.806346610507296,6.005881396595438
IVT,sg,vel_65,5.07037847345518,30.742515613222388,29.23805819413307,-4.087378640776696,17.18715842333698,4.098860417644075
IVT,sg,vel_70,5.288749737547407,30.828040778378508,28.76357188917768,-4.40776699029126,16.0295990324493,2.7868444034601874
