subject,trial,file,n_samples,true_fix_samples,true_sacc_samples,pred_fix_samples,pred_sacc_samples,accuracy,fixation_f1,saccade_f1,fixation_mcc,saccade_mcc,fix_TN,fix_FP,fix_FN,fix_TP,sacc_TN,sacc_FP,sacc_FN,sacc_TP
S11,S11_E0I101D0,data/outputs_webcam/S11/S11_E0I101D0.arff,93,68,18,76,11,0.6666666666666666,0.8194444444444444,0.20689655172413793,0.21524593854326238,0.07340317845664997,8,17,9,59,67,8,15,3
S11,S11_E0I102D0,data/outputs_webcam/S11/S11_E0I102D0.arff,218,171,30,177,21,0.7110091743119266,0.8448275862068966,0.1568627450980392,0.2329433958771922,0.050099461005618816,17,30,24,147,171,17,26,4
S11,S11_E0I103D0,data/outputs_webcam/S11/S11_E0I103D0.arff,110,84,20,88,11,0.7454545454545455,0.8837209302325582,0.3225806451612903,0.47075654176200427,0.23570226039551584,14,12,8,76,84,6,15,5
S11,S11_E0I104D0,data/outputs_webcam/S11/S11_E0I104D0.arff,149,85,34,102,23,0.6510067114093959,0.8235294117647058,0.3157894736842105,0.5488764950512995,0.1660635197409965,39,25,8,77,101,14,25,9
S11,S11_E0I105D0,data/outputs_webcam/S11/S11_E0I105D0.arff,128,92,22,100,16,0.7734375,0.8854166666666666,0.42105263157894735,0.5516772843673705,0.32872747005868486,21,15,7,85,98,8,14,8
S11,S11_E0I106D0,data/outputs_webcam/S11/S11_E0I106D0.arff,144,94,27,108,19,0.7152777777777778,0.8712871287128713,0.21739130434782608,0.5895063447465633,0.07557248890715544,30,20,6,88,103,14,22,5
S11,S11_E0I107D0,data/outputs_webcam/S11/S11_E0I107D0.arff,24,18,5,22,1,0.7916666666666666,0.9,0.3333333333333333,0.5222329678670935,0.40646942234853023,2,4,0,18,19,0,4,1
S11,S11_E0I108D0,data/outputs_webcam/S11/S11_E0I108D0.arff,138,85,30,107,14,0.6231884057971014,0.7708333333333334,0.2727272727272727,0.28895688021049243,0.17203340987035962,20,33,11,74,100,8,24,6
S11,S11_E0I109D0,data/outputs_webcam/S11/S11_E0I109D0.arff,130,70,26,82,25,0.47692307692307695,0.6578947368421053,0.19607843137254902,0.18692242309863585,0.0,28,32,20,50,84,20,21,5
S11,S11_E0I110D0,data/outputs_webcam/S11/S11_E0I110D0.arff,188,108,49,146,19,0.44680851063829785,0.6141732283464567,0.17647058823529413,-0.15167399608104504,0.04212506977515727,12,68,30,78,126,13,43,6
S11,S11_E0I111D0,data/outputs_webcam/S11/S11_E0I111D0.arff,117,75,28,92,20,0.7606837606837606,0.8862275449101796,0.5833333333333334,0.6531300651383135,0.4902796607242768,24,18,1,74,83,6,14,14
S11,S11_E0I112D0,data/outputs_webcam/S11/S11_E0I112D0.arff,78,58,16,62,10,0.8076923076923077,0.9,0.5384615384615384,0.5742432269069425,0.4699774410186234,12,8,4,54,59,3,9,7
S11,S11_E0I113D0,data/outputs_webcam/S11/S11_E0I113D0.arff,99,61,18,65,17,0.7777777777777778,0.8888888888888888,0.5714285714285714,0.6976366329404494,0.4797842120830944,29,9,5,56,74,7,8,10
S11,S11_E0I114D0,data/outputs_webcam/S11/S11_E0I114D0.arff,152,118,25,125,19,0.7631578947368421,0.8806584362139918,0.36363636363636365,0.4114419071599223,0.2616036036531597,16,18,11,107,116,11,17,8
S11,S11_E0I115D0,data/outputs_webcam/S11/S11_E0I115D0.arff,183,117,42,138,24,0.7595628415300546,0.8705882352941177,0.48484848484848486,0.6017454314504409,0.4038897615958612,39,27,6,111,133,8,26,16
S11,S11_E0I116D0,data/outputs_webcam/S11/S11_E0I116D0.arff,95,56,18,58,22,0.8315789473684211,0.9298245614035088,0.7,0.8254359443075173,0.6260261729702385,34,5,3,53,69,8,4,14
S11,S11_E0I117D0,data/outputs_webcam/S11/S11_E0I117D0.arff,85,52,21,61,11,0.7058823529411765,0.8495575221238938,0.375,0.5728707764771932,0.2667425916761517,20,13,4,48,59,5,15,6
S11,S11_E0I118D0,data/outputs_webcam/S11/S11_E0I118D0.arff,183,102,40,138,17,0.639344262295082,0.7666666666666667,0.17543859649122806,0.38531923258273015,0.05849130932956854,35,46,10,92,131,12,35,5
S11,S11_E0I119D0,data/outputs_webcam/S11/S11_E0I119D0.arff,191,121,50,147,21,0.6910994764397905,0.8208955223880597,0.30985915492957744,0.43544528736233634,0.20949518683613566,33,37,11,110,131,10,39,11
S11,S11_E0I120D0,data/outputs_webcam/S11/S11_E0I120D0.arff,70,45,18,56,3,0.7285714285714285,0.8712871287128713,0.2857142857142857,0.5962847939999439,0.35965710590901134,13,12,1,44,52,0,15,3
S11,S11_E0I121D0,data/outputs_webcam/S11/S11_E0I121D0.arff,123,78,31,97,16,0.7642276422764228,0.8571428571428571,0.5531914893617021,0.5575968179162908,0.4991704542559768,23,22,3,75,89,3,18,13
S11,S11_E0I122D0,data/outputs_webcam/S11/S11_E0I122D0.arff,79,54,20,69,6,0.7088607594936709,0.8455284552845529,0.3076923076923077,0.3957964852753332,0.2726327425979984,8,17,2,52,57,2,16,4
S11,S11_E0I123D0,data/outputs_webcam/S11/S11_E0I123D0.arff,66,41,19,56,7,0.7121212121212122,0.8247422680412371,0.46153846153846156,0.45404876251967097,0.4330669020392573,9,16,1,40,46,1,13,6
S11,S11_E0I124D0,data/outputs_webcam/S11/S11_E0I124D0.arff,89,55,21,66,16,0.7191011235955056,0.8429752066115702,0.43243243243243246,0.5395195596893164,0.29114029640735845,19,15,4,51,60,8,13,8
S11,S11_E0I125D0,data/outputs_webcam/S11/S11_E0I125D0.arff,76,51,19,57,12,0.7236842105263158,0.8518518518518519,0.5161290322580645,0.5012402917417548,0.4166666666666667,14,11,5,46,53,4,11,8
S11,S11_E0I126D0,data/outputs_webcam/S11/S11_E0I126D0.arff,74,51,19,55,12,0.6621621621621622,0.8301886792452831,0.3225806451612903,0.4073515663460344,0.16104369681803016,12,11,7,44,48,7,14,5
S11,S11_E0I127D0,data/outputs_webcam/S11/S11_E0I127D0.arff,59,33,17,37,10,0.6101694915254238,0.7714285714285715,0.37037037037037035,0.44513023421651854,0.21133083407640665,16,10,6,27,37,5,12,5
S11,S11_E0I128D0,data/outputs_webcam/S11/S11_E0I128D0.arff,137,96,30,109,13,0.781021897810219,0.8975609756097561,0.37209302325581395,0.6174388663321018,0.31036280344932615,24,17,4,92,102,5,22,8
S11,S11_E0I129D0,data/outputs_webcam/S11/S11_E0I129D0.arff,166,91,38,106,21,0.7469879518072289,0.8527918781725888,0.5084745762711864,0.6523588004429777,0.4396528847414136,53,22,7,84,122,6,23,15
S11,S11_E0I130D0,data/outputs_webcam/S11/S11_E0I130D0.arff,76,50,21,62,9,0.6710526315789473,0.8214285714285714,0.3333333333333333,0.37278947912486654,0.2288672857133293,10,16,4,46,51,4,16,5
S11,S11_E0I131D0,data/outputs_webcam/S11/S11_E0I131D0.arff,106,75,27,83,11,0.7452830188679245,0.8734177215189873,0.5263157894736842,0.5169082181754681,0.511058910774296,17,14,6,69,78,1,17,10
S11,S11_E0I132D0,data/outputs_webcam/S11/S11_E0I132D0.arff,119,83,28,100,11,0.7563025210084033,0.8852459016393442,0.46153846153846156,0.5619704502975933,0.43854746587328475,17,19,2,81,89,2,19,9
S11,S11_E0I133D0,data/outputs_webcam/S11/S11_E0I133D0.arff,153,97,33,113,24,0.6666666666666666,0.8095238095238095,0.3157894736842105,0.4125074471353924,0.16707358710913506,28,28,12,85,105,15,24,9
S11,S11_E0I134D0,data/outputs_webcam/S11/S11_E0I134D0.arff,87,61,21,71,12,0.735632183908046,0.8484848484848485,0.48484848484848486,0.4030477563724214,0.3975393289191876,11,15,5,56,62,4,13,8
S11,S11_E0I135D0,data/outputs_webcam/S11/S11_E0I135D0.arff,75,51,22,63,10,0.7333333333333333,0.8421052631578947,0.4375,0.4023086388537519,0.3503433559810857,9,15,3,48,50,3,15,7
S11,S11_E0I136D0,data/outputs_webcam/S11/S11_E0I136D0.arff,80,57,16,58,11,0.775,0.8695652173913043,0.5185185185185185,0.5365779073788788,0.4355724051843767,15,8,7,50,60,4,9,7
S11,S11_E0I137D0,data/outputs_webcam/S11/S11_E0I137D0.arff,79,54,17,58,11,0.8481012658227848,0.9464285714285714,0.6428571428571429,0.8227387096583268,0.5901469712931785,20,5,1,53,60,2,8,9
S11,S11_E0I138D0,data/outputs_webcam/S11/S11_E0I138D0.arff,81,51,21,63,7,0.7037037037037037,0.8245614035087719,0.2857142857142857,0.4509560339299332,0.21909028178351533,14,16,4,47,57,3,17,4
S11,S11_E0I139D0,data/outputs_webcam/S11/S11_E0I139D0.arff,70,39,20,51,12,0.7,0.8222222222222222,0.4375,0.555263892245626,0.29966456342836506,17,14,2,37,45,5,13,7
S11,S11_E0I140D0,data/outputs_webcam/S11/S11_E0I140D0.arff,84,56,15,60,15,0.75,0.8620689655172413,0.4666666666666667,0.5590169943749475,0.3507246376811594,18,10,6,50,61,8,8,7
S13,S13_E0I101D0,data/outputs_webcam/S13/S13_E0I101D0.arff,72,54,15,49,18,0.7222222222222222,0.8349514563106796,0.5454545454545454,0.42994947530631855,0.4146442144313646,12,6,11,43,48,9,6,9
S13,S13_E0I102D0,data/outputs_webcam/S13/S13_E0I102D0.arff,78,62,11,57,13,0.8205128205128205,0.907563025210084,0.6666666666666666,0.6221953808277242,0.6095130071085145,13,3,8,54,62,5,3,8
S13,S13_E0I103D0,data/outputs_webcam/S13/S13_E0I103D0.arff,109,82,19,81,21,0.8623853211009175,0.9325153374233128,0.75,0.7327617976230618,0.6952955216188516,22,5,6,76,84,6,4,15
S13,S13_E0I104D0,data/outputs_webcam/S13/S13_E0I104D0.arff,76,56,12,57,13,0.8552631578947368,0.9380530973451328,0.72,0.7590721152765897,0.6657502859356826,16,4,3,53,60,4,3,9
S13,S13_E0I105D0,data/outputs_webcam/S13/S13_E0I105D0.arff,104,74,26,69,27,0.8173076923076923,0.8671328671328671,0.7169811320754716,0.5795854322794678,0.6204520273913622,23,7,12,62,70,8,7,19
S13,S13_E0I106D0,data/outputs_webcam/S13/S13_E0I106D0.arff,79,60,16,51,23,0.7341772151898734,0.8288288288288288,0.6153846153846154,0.44987862904760545,0.5090258010109544,14,5,14,46,52,11,4,12
S13,S13_E0I107D0,data/outputs_webcam/S13/S13_E0I107D0.arff,161,111,37,116,30,0.7453416149068323,0.8546255506607929,0.5074626865671642,0.5092456084350655,0.3831594781863227,31,19,14,97,111,13,20,17
S13,S13_E0I108D0,data/outputs_webcam/S13/S13_E0I108D0.arff,79,64,10,59,15,0.8481012658227848,0.926829268292683,0.72,0.6830583279475707,0.6892911450241441,13,2,7,57,63,6,1,9
S13,S13_E0I109D0,data/outputs_webcam/S13/S13_E0I109D0.arff,70,59,7,52,12,0.8285714285714286,0.918918918918919,0.631578947368421,0.6440853845901122,0.6064784348631227,10,1,8,51,57,6,1,6
S13,S13_E0I110D0,data/outputs_webcam/S13/S13_E0I110D0.arff,92,67,22,68,16,0.7717391304347826,0.8740740740740741,0.631578947368421,0.5274107796811242,0.5495290968620477,16,9,8,59,66,4,10,12
S13,S13_E0I111D0,data/outputs_webcam/S13/S13_E0I111D0.arff,83,63,13,56,17,0.8072289156626506,0.907563025210084,0.6666666666666666,0.6911737035184239,0.6026985796826306,18,2,9,54,63,7,3,10
S13,S13_E0I112D0,data/outputs_webcam/S13/S13_E0I112D0.arff,79,61,12,60,12,0.8607594936708861,0.9421487603305785,0.6666666666666666,0.753483903293421,0.6069651741293532,15,3,4,57,63,4,4,8
S13,S13_E0I113D0,data/outputs_webcam/S13/S13_E0I113D0.arff,75,59,12,61,12,0.84,0.9333333333333333,0.5833333333333334,0.6693596663662702,0.503968253968254,11,5,3,56,58,5,5,7
S13,S13_E0I114D0,data/outputs_webcam/S13/S13_E0I114D0.arff,80,61,16,61,15,0.875,0.9180327868852459,0.7096774193548387,0.6548748921484038,0.6405126152203485,14,5,5,56,60,4,5,11
S13,S13_E0I115D0,data/outputs_webcam/S13/S13_E0I115D0.arff,76,56,15,49,18,0.8289473684210527,0.9142857142857143,0.7878787878787878,0.7426419829112955,0.7346215224686846,19,1,8,48,56,5,2,13
S13,S13_E0I116D0,data/outputs_webcam/S13/S13_E0I116D0.arff,87,65,17,59,21,0.8275862068965517,0.8870967741935484,0.6842105263157895,0.6180883602012514,0.6026787305831213,18,4,10,55,62,8,4,13
S13,S13_E0I117D0,data/outputs_webcam/S13/S13_E0I117D0.arff,84,57,22,53,16,0.7976190476190477,0.9272727272727272,0.6842105263157895,0.7942646955439847,0.6074493712713238,25,2,6,51,59,3,9,13
S13,S13_E0I118D0,data/outputs_webcam/S13/S13_E0I118D0.arff,82,48,19,48,19,0.45121951219512196,0.6666666666666666,0.21052631578947367,0.19607843137254902,-0.02756892230576441,18,16,16,32,48,15,15,4
S13,S13_E0I119D0,data/outputs_webcam/S13/S13_E0I119D0.arff,86,61,18,58,25,0.7441860465116279,0.8403361344537815,0.5581395348837209,0.4842025107206627,0.42598798883832706,17,8,11,50,55,13,6,12
S13,S13_E0I120D0,data/outputs_webcam/S13/S13_E0I120D0.arff,68,52,13,46,15,0.8676470588235294,0.9387755102040817,0.7142857142857143,0.8020951585420794,0.643287560517844,16,0,6,46,50,5,3,10
S13,S13_E0I121D0,data/outputs_webcam/S13/S13_E0I121D0.arff,218,151,48,138,46,0.7568807339449541,0.8858131487889274,0.5531914893617021,0.6685951492555573,0.4306137369935144,57,10,23,128,150,20,22,26
S13,S13_E0I122D0,data/outputs_webcam/S13/S13_E0I122D0.arff,81,64,11,63,13,0.9382716049382716,0.9606299212598425,0.9166666666666666,0.8183572009846075,0.9066300358900657,15,2,3,61,68,2,0,11
S13,S13_E0I123D0,data/outputs_webcam/S13/S13_E0I123D0.arff,88,72,14,60,25,0.7045454545454546,0.8333333333333334,0.358974358974359,0.3737855113104419,0.20823871725345258,11,5,17,55,56,18,7,7
S13,S13_E0I124D0,data/outputs_webcam/S13/S13_E0I124D0.arff,115,79,29,79,26,0.7304347826086957,0.8481012658227848,0.5818181818181818,0.5147679324894515,0.4520639998869669,24,12,12,67,76,10,13,16
S13,S13_E0I125D0,data/outputs_webcam/S13/S13_E0I125D0.arff,121,100,17,94,15,0.8842975206611571,0.9381443298969072,0.8125,0.6978146521489781,0.7860962377650182,18,3,9,91,102,2,4,13
S13,S13_E0I126D0,data/outputs_webcam/S13/S13_E0I126D0.arff,86,46,20,47,14,0.38372093023255816,0.5591397849462365,0.35294117647058826,0.040294110747051574,0.2045948847333844,19,21,20,26,58,8,14,6
S13,S13_E0I127D0,data/outputs_webcam/S13/S13_E0I127D0.arff,61,47,10,45,12,0.8524590163934426,0.9347826086956522,0.7272727272727273,0.738047846306747,0.6720074187996007,12,2,4,43,47,4,2,8
S13,S13_E0I128D0,data/outputs_webcam/S13/S13_E0I128D0.arff,88,75,8,68,16,0.8181818181818182,0.9090909090909091,0.5833333333333334,0.538418442576203,0.5683339442811965,10,3,10,65,71,9,1,7
S13,S13_E0I129D0,data/outputs_webcam/S13/S13_E0I129D0.arff,141,118,16,111,21,0.8794326241134752,0.9344978165938864,0.6486486486486487,0.6616186589987245,0.6040104067220791,19,4,11,107,116,9,4,12
S13,S13_E0I130D0,data/outputs_webcam/S13/S13_E0I130D0.arff,102,84,13,79,13,0.7352941176470589,0.8588957055214724,0.38461538461538464,0.30407252270534385,0.29472774416594644,9,9,14,70,81,8,8,5
S13,S13_E0I131D0,data/outputs_webcam/S13/S13_E0I131D0.arff,85,70,11,66,12,0.9058823529411765,0.9411764705882353,0.782608695652174,0.7146122136752029,0.749617047396626,13,2,6,64,71,3,2,9
S13,S13_E0I132D0,data/outputs_webcam/S13/S13_E0I132D0.arff,79,59,15,54,20,0.8607594936708861,0.9203539823008849,0.7428571428571429,0.7305047313921487,0.6830583279475707,18,2,7,52,57,7,2,13
S13,S13_E0I133D0,data/outputs_webcam/S13/S13_E0I133D0.arff,202,113,45,126,29,0.6435643564356436,0.7949790794979079,0.40540540540540543,0.504608244877364,0.28974167456662947,58,31,18,95,143,14,30,15
S13,S13_E0I134D0,data/outputs_webcam/S13/S13_E0I134D0.arff,86,65,17,65,15,0.7674418604651163,0.8615384615384616,0.5625,0.432967032967033,0.46434796639640136,12,9,9,56,63,6,8,9
S13,S13_E0I135D0,data/outputs_webcam/S13/S13_E0I135D0.arff,82,55,17,55,16,0.5487804878048781,0.6727272727272727,0.42424242424242425,0.006060606060606061,0.27957211042103397,9,18,18,37,56,9,10,7
S13,S13_E0I136D0,data/outputs_webcam/S13/S13_E0I136D0.arff,100,75,20,75,17,0.91,0.9466666666666667,0.918918918918919,0.7866666666666666,0.9051392757105036,21,4,4,71,80,0,3,17
S13,S13_E0I137D0,data/outputs_webcam/S13/S13_E0I137D0.arff,90,69,16,71,16,0.8333333333333334,0.9285714285714286,0.5625,0.6802058291282598,0.46790540540540543,15,6,4,65,67,7,7,9
S13,S13_E0I138D0,data/outputs_webcam/S13/S13_E0I138D0.arff,80,59,17,52,20,0.85,0.918918918918919,0.8108108108108109,0.7534668885996146,0.7586004444357806,20,1,8,51,58,5,2,15
S13,S13_E0I139D0,data/outputs_webcam/S13/S13_E0I139D0.arff,87,60,17,59,22,0.8045977011494253,0.907563025210084,0.717948717948718,0.7078578140848557,0.6469950339041959,22,5,6,54,62,8,3,14
S13,S13_E0I140D0,data/outputs_webcam/S13/S13_E0I140D0.arff,72,60,8,46,18,0.5694444444444444,0.7547169811320755,0.07692307692307693,0.12931515002796792,-0.10206207261596575,6,6,20,40,47,17,7,1
S14,S14_E0I101D0,data/outputs_webcam/S14/S14_E0I101D0.arff,103,75,18,83,14,0.7961165048543689,0.9113924050632911,0.4375,0.6378933432665848,0.33967853686773747,17,11,3,72,78,7,11,7
S14,S14_E0I102D0,data/outputs_webcam/S14/S14_E0I102D0.arff,115,83,20,87,9,0.7043478260869566,0.8588235294117647,0.20689655172413793,0.46154645495004953,0.12255554240093626,18,14,10,73,89,6,17,3
S14,S14_E0I103D0,data/outputs_webcam/S14/S14_E0I103D0.arff,106,75,17,85,10,0.6698113207547169,0.825,0.37037037037037035,0.3048323199578167,0.29870838943143485,12,19,9,66,84,5,12,5
S14,S14_E0I104D0,data/outputs_webcam/S14/S14_E0I104D0.arff,95,64,18,75,12,0.7473684210526316,0.8633093525179856,0.6,0.5217062577301893,0.5438630749380032,16,15,4,60,74,3,9,9
S14,S14_E0I105D0,data/outputs_webcam/S14/S14_E0I105D0.arff,146,100,28,93,28,0.678082191780822,0.7875647668393783,0.5357142857142857,0.3771794365571616,0.425544794188862,29,17,24,76,105,13,13,15
S14,S14_E0I106D0,data/outputs_webcam/S14/S14_E0I106D0.arff,94,64,19,71,17,0.6382978723404256,0.8,0.3333333333333333,0.300447037141265,0.17645736394948228,13,17,10,54,64,11,13,6
S14,S14_E0I107D0,data/outputs_webcam/S14/S14_E0I107D0.arff,101,73,18,75,15,0.8217821782178217,0.918918918918919,0.6060606060606061,0.6977395888835092,0.5330421670261967,21,7,5,68,78,5,8,10
S14,S14_E0I108D0,data/outputs_webcam/S14/S14_E0I108D0.arff,113,86,17,89,15,0.831858407079646,0.9142857142857143,0.5625,0.6223454208377627,0.49196728826730957,18,9,6,80,90,6,8,9
S14,S14_E0I109D0,data/outputs_webcam/S14/S14_E0I109D0.arff,163,94,44,119,25,0.5705521472392638,0.7323943661971831,0.2608695652173913,0.2622014343507942,0.08634887779547516,28,41,16,78,103,16,35,9
S14,S14_E0I110D0,data/outputs_webcam/S14/S14_E0I110D0.arff,110,70,21,79,18,0.6454545454545455,0.7785234899328859,0.41025641025641024,0.32459775923819284,0.2853441020164943,19,21,12,58,79,10,13,8
S14,S14_E0I111D0,data/outputs_webcam/S14/S14_E0I111D0.arff,117,79,20,85,23,0.5128205128205128,0.6829268292682927,0.13953488372093023,-0.0570424024579552,-0.05322280852189443,9,29,23,56,77,20,17,3
S14,S14_E0I112D0,data/outputs_webcam/S14/S14_E0I112D0.arff,123,94,16,83,15,0.6910569105691057,0.847457627118644,0.3225806451612903,0.4730128428322186,0.22517588602454008,21,8,19,75,97,10,11,5
S14,S14_E0I113D0,data/outputs_webcam/S14/S14_E0I113D0.arff,122,77,20,93,21,0.5245901639344263,0.7176470588235294,0.14634146341463414,0.09192089138873404,-0.025960218402633645,13,32,16,61,84,18,17,3
S14,S14_E0I114D0,data/outputs_webcam/S14/S14_E0I114D0.arff,104,70,17,71,19,0.7403846153846154,0.851063829787234,0.5555555555555556,0.537810278539002,0.46392609911736993,23,11,10,60,78,9,7,10
S14,S14_E0I115D0,data/outputs_webcam/S14/S14_E0I115D0.arff,79,55,12,60,13,0.7468354430379747,0.8869565217391304,0.48,0.5942759254740899,0.3828736263526033,15,9,4,51,60,7,6,6
S14,S14_E0I116D0,data/outputs_webcam/S14/S14_E0I116D0.arff,112,77,18,83,22,0.7321428571428571,0.8875,0.45,0.6128941458785492,0.33436333450068045,23,12,6,71,81,13,9,9
S14,S14_E0I117D0,data/outputs_webcam/S14/S14_E0I117D0.arff,132,76,27,106,7,0.6439393939393939,0.7802197802197802,0.35294117647058826,0.3842514128403482,0.38285714285714284,21,35,5,71,104,1,21,6
S14,S14_E0I118D0,data/outputs_webcam/S14/S14_E0I118D0.arff,92,59,17,66,9,0.6630434782608695,0.816,0.23076923076923078,0.4365774238257173,0.12603457990534145,18,15,8,51,69,6,14,3
S14,S14_E0I119D0,data/outputs_webcam/S14/S14_E0I119D0.arff,184,134,23,137,21,0.6956521739130435,0.8634686346863468,0.22727272727272727,0.48262814904691326,0.1227442428753794,30,20,17,117,145,16,18,5
S14,S14_E0I120D0,data/outputs_webcam/S14/S14_E0I120D0.arff,107,71,21,70,20,0.8037383177570093,0.8936170212765957,0.6829268292682927,0.6883166173216901,0.6081143666734463,29,7,8,63,80,6,7,14
S14,S14_E0I121D0,data/outputs_webcam/S14/S14_E0I121D0.arff,116,69,26,77,12,0.4482758620689655,0.6027397260273972,0.3684210526315789,-0.06697228946749469,0.2925868362741272,14,33,25,44,85,5,19,7
S14,S14_E0I122D0,data/outputs_webcam/S14/S14_E0I122D0.arff,136,95,19,99,17,0.75,0.8969072164948454,0.4444444444444444,0.642536178521464,0.36073955268291136,29,12,8,87,108,9,11,8
S14,S14_E0I123D0,data/outputs_webcam/S14/S14_E0I123D0.arff,94,67,16,68,6,0.7978723404255319,0.9185185185185185,0.5454545454545454,0.7112572356863439,0.5765295860893556,21,6,5,62,78,0,10,6
S14,S14_E0I124D0,data/outputs_webcam/S14/S14_E0I124D0.arff,120,90,18,90,15,0.8,0.9333333333333333,0.42424242424242425,0.7333333333333333,0.33519554521580996,24,6,6,84,94,8,11,7
S14,S14_E0I125D0,data/outputs_webcam/S14/S14_E0I125D0.arff,54,32,12,47,3,0.48148148148148145,0.6582278481012658,0.0,-0.20778573145475315,-0.12964074471043288,1,21,6,26,39,3,12,0
S14,S14_E0I126D0,data/outputs_webcam/S14/S14_E0I126D0.arff,86,62,21,67,13,0.7558139534883721,0.8682170542635659,0.5294117647058824,0.4809969494298296,0.4401880962109892,13,11,6,56,61,4,12,9
S14,S14_E0I127D0,data/outputs_webcam/S14/S14_E0I127D0.arff,110,80,17,78,12,0.7454545454545455,0.8734177215189873,0.41379310344827586,0.5515766300761425,0.33442231340115003,21,9,11,69,87,6,11,6
S14,S14_E0I128D0,data/outputs_webcam/S14/S14_E0I128D0.arff,93,55,24,70,14,0.6989247311827957,0.816,0.47368421052631576,0.4868165988372257,0.37019452900783867,19,19,4,51,64,5,15,9
S14,S14_E0I129D0,data/outputs_webcam/S14/S14_E0I129D0.arff,110,69,26,80,19,0.7636363636363637,0.8859060402684564,0.6666666666666666,0.6677703836348308,0.59488637263101,27,14,3,66,80,4,11,15
S14,S14_E0I130D0,data/outputs_webcam/S14/S14_E0I130D0.arff,103,77,16,83,13,0.7669902912621359,0.875,0.5517241379310345,0.4492600707518537,0.48268984675659166,13,13,7,70,82,5,8,8
S14,S14_E0I131D0,data/outputs_webcam/S14/S14_E0I131D0.arff,126,77,25,102,12,0.42857142857142855,0.6033519553072626,0.0,-0.3454937455142388,-0.16141634707382532,1,48,23,54,89,12,25,0
S14,S14_E0I132D0,data/outputs_webcam/S14/S14_E0I132D0.arff,152,104,25,113,19,0.5855263157894737,0.7649769585253456,0.18181818181818182,0.1842064906812201,0.046954492963387634,18,30,21,83,112,15,21,4
S14,S14_E0I133D0,data/outputs_webcam/S14/S14_E0I133D0.arff,96,69,11,75,15,0.65625,0.8333333333333334,0.23076923076923078,0.34151450937027694,0.11540142378500474,12,15,9,60,73,12,8,3
S14,S14_E0I134D0,data/outputs_webcam/S14/S14_E0I134D0.arff,155,108,26,116,31,0.6645161290322581,0.8035714285714286,0.42105263157894735,0.296740956034772,0.29354006917673753,21,26,18,90,110,19,14,12
S14,S14_E0I135D0,data/outputs_webcam/S14/S14_E0I135D0.arff,118,86,19,91,16,0.8135593220338984,0.8926553672316384,0.5714285714285714,0.5753138118877148,0.49997654509204764,20,12,7,79,93,6,9,10
S14,S14_E0I136D0,data/outputs_webcam/S14/S14_E0I136D0.arff,107,76,18,82,19,0.5981308411214953,0.759493670886076,0.21621621621621623,0.08554473310716011,0.05254713701085721,9,22,16,60,74,15,14,4
S14,S14_E0I137D0,data/outputs_webcam/S14/S14_E0I137D0.arff,110,77,22,85,17,0.8454545454545455,0.9382716049382716,0.717948717948718,0.781078762746399,0.6664689776469104,24,9,1,76,85,3,8,14
S14,S14_E0I138D0,data/outputs_webcam/S14/S14_E0I138D0.arff,94,72,13,64,13,0.7659574468085106,0.8676470588235294,0.46153846153846156,0.5378666727544408,0.37511870845204176,17,5,13,59,74,7,7,6
S14,S14_E0I139D0,data/outputs_webcam/S14/S14_E0I139D0.arff,156,79,40,106,29,0.4166666666666667,0.6270270270270271,0.2028985507246377,0.11870337128792496,-0.01644936218194368,29,48,21,58,94,22,33,7
S14,S14_E0I140D0,data/outputs_webcam/S14/S14_E0I140D0.arff,85,58,15,61,7,0.6470588235294118,0.8403361344537815,0.18181818181818182,0.47023351176141326,0.08584645893961879,16,11,8,50,65,5,13,2
S18,S18_E0I101D0,data/outputs_webcam/S18/S18_E0I101D0.arff,52,39,10,36,10,0.8461538461538461,0.9066666666666666,0.7,0.6735753140545634,0.6285714285714286,11,2,5,34,39,3,3,7
S18,S18_E0I102D0,data/outputs_webcam/S18/S18_E0I102D0.arff,44,34,9,33,8,0.8863636363636364,0.9552238805970149,0.8235294117647058,0.8140915784106942,0.7835387550081025,9,1,2,32,34,1,2,7
S18,S18_E0I103D0,data/outputs_webcam/S18/S18_E0I103D0.arff,67,52,10,50,9,0.8656716417910447,0.9411764705882353,0.631578947368421,0.756526156215175,0.5719814109062134,13,2,4,48,54,3,4,6
S18,S18_E0I104D0,data/outputs_webcam/S18/S18_E0I104D0.arff,67,45,14,45,15,0.8656716417910447,0.9333333333333333,0.7586206896551724,0.796969696969697,0.6927257973691527,19,3,3,42,49,4,3,11
S18,S18_E0I105D0,data/outputs_webcam/S18/S18_E0I105D0.arff,49,34,12,36,10,0.8163265306122449,0.8857142857142857,0.7272727272727273,0.6038290478449043,0.6536497741589353,10,5,3,31,35,2,4,8
S18,S18_E0I106D0,data/outputs_webcam/S18/S18_E0I106D0.arff,61,43,16,42,15,0.8524590163934426,0.9176470588235294,0.7741935483870968,0.7290926094166782,0.6980303552221738,15,3,4,39,42,3,4,12
S18,S18_E0I107D0,data/outputs_webcam/S18/S18_E0I107D0.arff,86,61,20,60,16,0.7674418604651163,0.8760330578512396,0.6666666666666666,0.5822092694722721,0.5855770085141944,18,7,8,53,62,4,8,12
S18,S18_E0I108D0,data/outputs_webcam/S18/S18_E0I108D0.arff,141,106,20,103,30,0.8014184397163121,0.8995215311004785,0.6,0.613021170452535,0.5336823415057158,26,9,12,94,106,15,5,15
S18,S18_E0I109D0,data/outputs_webcam/S18/S18_E0I109D0.arff,42,30,10,27,9,0.8333333333333334,0.9473684210526315,0.631578947368421,0.848528137423857,0.5254867873090281,12,0,3,27,29,3,4,6
S18,S18_E0I111D0,data/outputs_webcam/S18/S18_E0I111D0.arff,115,93,15,94,13,0.9565217391304348,0.983957219251337,0.8571428571428571,0.9145745629692713,0.8402353688777462,20,2,1,92,99,1,3,12
S18,S18_E0I112D0,data/outputs_webcam/S18/S18_E0I112D0.arff,73,38,25,38,11,0.6712328767123288,0.8421052631578947,0.4444444444444444,0.6706766917293233,0.3415668142004575,29,6,6,32,45,3,17,8
S18,S18_E0I113D0,data/outputs_webcam/S18/S18_E0I113D0.arff,53,38,12,36,11,0.8867924528301887,0.9459459459459459,0.8695652173913043,0.8245477715902492,0.8347944112635344,14,1,3,35,40,1,2,10
S18,S18_E0I114D0,data/outputs_webcam/S18/S18_E0I114D0.arff,48,28,11,30,8,0.8958333333333334,0.9310344827586207,0.7368421052631579,0.829227982896771,0.6871942027082826,17,3,1,27,36,1,4,7
S18,S18_E0I115D0,data/outputs_webcam/S18/S18_E0I115D0.arff,59,45,10,38,11,0.711864406779661,0.891566265060241,0.38095238095238093,0.6670976647144063,0.24771684715343115,13,1,8,37,42,7,6,4
S18,S18_E0I116D0,data/outputs_webcam/S18/S18_E0I116D0.arff,59,47,10,42,10,0.7796610169491526,0.898876404494382,0.5,0.6082731503531377,0.3979591836734694,10,2,7,40,44,5,5,5
S18,S18_E0I117D0,data/outputs_webcam/S18/S18_E0I117D0.arff,63,48,12,48,10,0.9047619047619048,0.9583333333333334,0.8181818181818182,0.825,0.7848630383074622,13,2,2,46,50,1,3,9
S18,S18_E0I118D0,data/outputs_webcam/S18/S18_E0I118D0.arff,38,31,4,32,5,0.9210526315789473,0.9523809523809523,0.8888888888888888,0.725072166544399,0.881175685227012,5,2,1,30,33,1,0,4
S18,S18_E0I119D0,data/outputs_webcam/S18/S18_E0I119D0.arff,41,30,8,23,11,0.7317073170731707,0.8679245283018868,0.631578947368421,0.6844841258338418,0.5353011218863133,11,0,7,23,28,5,2,6
S18,S18_E0I120D0,data/outputs_webcam/S18/S18_E0I120D0.arff,54,40,10,44,5,0.8148148148148148,0.9285714285714286,0.5333333333333333,0.697036863881954,0.5055902702147334,9,5,1,39,43,1,6,4
S18,S18_E0I121D0,data/outputs_webcam/S18/S18_E0I121D0.arff,57,40,14,41,10,0.7894736842105263,0.9382716049382716,0.5833333333333334,0.7875522346093391,0.48691436740717653,14,3,2,38,40,3,7,7
S18,S18_E0I122D0,data/outputs_webcam/S18/S18_E0I122D0.arff,55,33,21,39,11,0.7636363636363637,0.8611111111111112,0.625,0.6210344279375828,0.5426488617097118,14,8,2,31,33,1,11,10
S18,S18_E0I123D0,data/outputs_webcam/S18/S18_E0I123D0.arff,52,36,15,38,9,0.8269230769230769,0.918918918918919,0.6666666666666666,0.7225916412701,0.6063234229431422,12,4,2,34,36,1,7,8
S18,S18_E0I124D0,data/outputs_webcam/S18/S18_E0I124D0.arff,156,127,17,120,27,0.8333333333333334,0.9068825910931174,0.6363636363636364,0.5595661792739431,0.6012851821215671,21,8,15,112,126,13,3,14
S18,S18_E0I125D0,data/outputs_webcam/S18/S18_E0I125D0.arff,77,45,18,51,12,0.8311688311688312,0.9166666666666666,0.6666666666666666,0.790983007709395,0.6086956596720782,25,7,1,44,57,2,8,10
S18,S18_E0I126D0,data/outputs_webcam/S18/S18_E0I126D0.arff,58,38,15,42,10,0.7931034482758621,0.9,0.64,0.6884520066159542,0.5643248464313276,14,6,2,36,41,2,7,8
S18,S18_E0I128D0,data/outputs_webcam/S18/S18_E0I128D0.arff,106,94,8,94,9,0.9245283018867925,0.9680851063829787,0.7058823529411765,0.7180851063829787,0.6817324251611442,9,3,3,91,95,3,2,6
S18,S18_E0I129D0,data/outputs_webcam/S18/S18_E0I129D0.arff,167,110,31,114,30,0.7245508982035929,0.9107142857142857,0.4262295081967213,0.7301447001919743,0.2981264917283361,45,12,8,102,119,17,18,13
S18,S18_E0I130D0,data/outputs_webcam/S18/S18_E0I130D0.arff,104,80,21,77,17,0.8557692307692307,0.9426751592356688,0.6842105263157895,0.768799968166877,0.6197125627212182,21,3,6,74,79,4,8,13
S18,S18_E0I131D0,data/outputs_webcam/S18/S18_E0I131D0.arff,44,28,14,33,8,0.7727272727272727,0.8524590163934426,0.5454545454545454,0.545544725589981,0.43704152091682436,9,7,2,26,28,2,8,6
S18,S18_E0I132D0,data/outputs_webcam/S18/S18_E0I132D0.arff,88,66,14,59,23,0.8181818181818182,0.912,0.6486486486486487,0.7118435331330578,0.5897875299275376,20,2,9,57,63,11,2,12
S18,S18_E0I133D0,data/outputs_webcam/S18/S18_E0I133D0.arff,97,72,18,71,17,0.8556701030927835,0.9090909090909091,0.6857142857142857,0.6544678885676862,0.616975666011018,19,6,7,65,74,5,6,12
S18,S18_E0I134D0,data/outputs_webcam/S18/S18_E0I134D0.arff,112,84,16,70,38,0.6875,0.8441558441558441,0.4074074074074074,0.5323971374999499,0.3002488299497635,23,5,19,65,69,27,5,11
S18,S18_E0I135D0,data/outputs_webcam/S18/S18_E0I135D0.arff,69,49,18,52,9,0.7246376811594203,0.8712871287128713,0.37037037037037035,0.5243009584766771,0.2599159128871644,12,8,5,44,47,4,13,5
S18,S18_E0I136D0,data/outputs_webcam/S18/S18_E0I136D0.arff,88,57,19,60,19,0.8181818181818182,0.9230769230769231,0.7368421052631579,0.7730922314644711,0.6643783371472158,25,6,3,54,64,5,5,14
S18,S18_E0I137D0,data/outputs_webcam/S18/S18_E0I137D0.arff,93,73,10,70,18,0.7956989247311828,0.8811188811188811,0.6428571428571429,0.4885313649911408,0.6206681203853236,13,7,10,63,74,9,1,9
S18,S18_E0I138D0,data/outputs_webcam/S18/S18_E0I138D0.arff,126,83,27,87,19,0.7301587301587301,0.8705882352941177,0.43478260869565216,0.6043298816697279,0.32044421313577576,30,13,9,74,90,9,17,10
S18,S18_E0I139D0,data/outputs_webcam/S18/S18_E0I139D0.arff,58,44,13,41,12,0.7586206896551724,0.8705882352941177,0.48,0.5219385334290642,0.3378732091519736,10,4,7,37,39,6,7,6
S18,S18_E0I140D0,data/outputs_webcam/S18/S18_E0I140D0.arff,42,31,9,30,9,0.7619047619047619,0.8852459016393442,0.5555555555555556,0.5822395834631304,0.43434343434343436,8,3,4,27,29,4,4,5
S19,S19_E0I101D0,data/outputs_webcam/S19/S19_E0I101D0.arff,133,108,15,101,22,0.7894736842105263,0.9090909090909091,0.43243243243243246,0.5846214953391764,0.3530503098068188,19,6,13,95,104,14,7,8
S19,S19_E0I102D0,data/outputs_webcam/S19/S19_E0I102D0.arff,95,65,20,71,15,0.8,0.8970588235294118,0.6285714285714286,0.647336218365356,0.5552902144124477,20,10,4,61,71,4,9,11
S19,S19_E0I103D0,data/outputs_webcam/S19/S19_E0I103D0.arff,145,103,26,108,27,0.7793103448275862,0.909952606635071,0.5660377358490566,0.6724827826865101,0.4691586267659795,30,12,7,96,107,12,11,15
S19,S19_E0I104D0,data/outputs_webcam/S19/S19_E0I104D0.arff,101,78,17,83,12,0.8811881188118812,0.9440993788819876,0.6896551724137931,0.7342060343109315,0.6526574679538882,16,7,2,76,82,2,7,10
S19,S19_E0I105D0,data/outputs_webcam/S19/S19_E0I105D0.arff,97,76,16,76,15,0.8247422680412371,0.9342105263157895,0.5161290322580645,0.6961152882205514,0.42453131722574966,16,5,5,71,74,7,8,8
S19,S19_E0I106D0,data/outputs_webcam/S19/S19_E0I106D0.arff,101,74,18,80,14,0.8811881188118812,0.948051948051948,0.6875,0.7930731220269941,0.6367870472726241,20,7,1,73,80,3,7,11
S19,S19_E0I107D0,data/outputs_webcam/S19/S19_E0I107D0.arff,80,62,12,59,19,0.85,0.9256198347107438,0.6451612903225806,0.6990432830840159,0.5881786164307045,15,3,6,56,59,9,2,10
S19,S19_E0I108D0,data/outputs_webcam/S19/S19_E0I108D0.arff,115,94,16,100,13,0.9304347826086956,0.9690721649484536,0.7586206896551724,0.8194074514114278,0.7293326174335942,15,6,0,94,97,2,5,11
S19,S19_E0I109D0,data/outputs_webcam/S19/S19_E0I109D0.arff,80,60,18,61,15,0.85,0.9090909090909091,0.7272727272727273,0.6274792643644591,0.6614769048245085,14,6,5,55,59,3,6,12
S19,S19_E0I110D0,data/outputs_webcam/S19/S19_E0I110D0.arff,136,101,14,94,24,0.7867647058823529,0.9025641025641026,0.47368421052631576,0.6622415327510388,0.4144330675522439,29,6,13,88,107,15,5,9
S19,S19_E0I111D0,data/outputs_webcam/S19/S19_E0I111D0.arff,106,76,20,81,19,0.8679245283018868,0.9426751592356688,0.6666666666666666,0.7855837746626467,0.5918748564934112,23,7,2,74,80,6,7,13
S19,S19_E0I112D0,data/outputs_webcam/S19/S19_E0I112D0.arff,84,65,17,64,13,0.8452380952380952,0.9457364341085271,0.6666666666666666,0.7667231393858122,0.603709397804239,16,3,4,61,64,3,7,10
S19,S19_E0I113D0,data/outputs_webcam/S19/S19_E0I113D0.arff,83,63,15,64,14,0.8433734939759037,0.9133858267716536,0.6896551724137931,0.6317637356725566,0.6246015252293907,14,6,5,58,64,4,5,10
S19,S19_E0I114D0,data/outputs_webcam/S19/S19_E0I114D0.arff,89,69,18,74,10,0.7865168539325843,0.8811188811188811,0.5,0.4047964482457059,0.44088442171924436,9,11,6,63,68,3,11,7
S19,S19_E0I115D0,data/outputs_webcam/S19/S19_E0I115D0.arff,90,62,18,70,17,0.7777777777777778,0.8939393939393939,0.6285714285714286,0.6222040820213273,0.5393463080134766,17,11,3,59,66,6,7,11
S19,S19_E0I116D0,data/outputs_webcam/S19/S19_E0I116D0.arff,86,62,17,70,12,0.8372093023255814,0.9090909090909091,0.6206896551724138,0.6351895951702893,0.5584950994513287,14,10,2,60,66,3,8,9
S19,S19_E0I117D0,data/outputs_webcam/S19/S19_E0I117D0.arff,112,81,22,88,19,0.8303571428571429,0.9230769230769231,0.6341463414634146,0.6982576960868067,0.5549405798624412,21,10,3,78,84,6,9,13
S19,S19_E0I118D0,data/outputs_webcam/S19/S19_E0I118D0.arff,89,67,13,69,17,0.8539325842696629,0.9558823529411765,0.6666666666666666,0.8147377570279161,0.6083547965343098,18,4,2,65,69,7,3,10
S19,S19_E0I119D0,data/outputs_webcam/S19/S19_E0I119D0.arff,121,90,19,90,23,0.8347107438016529,0.9222222222222223,0.6190476190476191,0.696415770609319,0.5435312131103127,24,7,7,83,92,10,6,13
S19,S19_E0I120D0,data/outputs_webcam/S19/S19_E0I120D0.arff,90,66,14,74,11,0.8888888888888888,0.9428571428571428,0.72,0.7710996009560598,0.6822179423403011,16,8,0,66,74,2,5,9
S19,S19_E0I121D0,data/outputs_webcam/S19/S19_E0I121D0.arff,113,86,17,92,16,0.8053097345132744,0.9101123595505618,0.5454545454545454,0.5859183677378115,0.46811260653437,16,11,5,81,89,7,8,9
S19,S19_E0I122D0,data/outputs_webcam/S19/S19_E0I122D0.arff,86,70,11,69,14,0.813953488372093,0.9064748201438849,0.48,0.5130022958025834,0.39696418929239397,10,6,7,63,67,8,5,6
S19,S19_E0I123D0,data/outputs_webcam/S19/S19_E0I123D0.arff,114,78,26,91,14,0.7456140350877193,0.863905325443787,0.5,0.5048917239458021,0.433580451579644,18,18,5,73,84,4,16,10
S19,S19_E0I124D0,data/outputs_webcam/S19/S19_E0I124D0.arff,128,99,18,98,19,0.890625,0.9543147208121827,0.7567567567567568,0.8019839180149184,0.7160533116887582,25,4,5,94,105,5,4,14
S19,S19_E0I125D0,data/outputs_webcam/S19/S19_E0I125D0.arff,127,95,16,96,14,0.7007874015748031,0.837696335078534,0.6,0.3457642470592146,0.5482653392078881,16,16,15,80,106,5,7,9
S19,S19_E0I126D0,data/outputs_webcam/S19/S19_E0I126D0.arff,110,85,19,77,27,0.7818181818181819,0.8888888888888888,0.6086956521739131,0.5917263354139386,0.5217374589562073,20,5,13,72,78,13,5,14
S19,S19_E0I127D0,data/outputs_webcam/S19/S19_E0I127D0.arff,89,68,12,70,16,0.8539325842696629,0.927536231884058,0.6428571428571429,0.6791816200133234,0.5862189937154689,15,6,4,64,70,7,3,9
S19,S19_E0I128D0,data/outputs_webcam/S19/S19_E0I128D0.arff,190,144,30,149,32,0.8736842105263158,0.9419795221843004,0.6774193548387096,0.7489046520648512,0.6150614067058567,35,11,6,138,149,11,9,21
S19,S19_E0I129D0,data/outputs_webcam/S19/S19_E0I129D0.arff,84,59,14,63,16,0.8452380952380952,0.9344262295081968,0.8,0.7666789485628854,0.7592566023652966,19,6,2,57,66,4,2,12
S19,S19_E0I130D0,data/outputs_webcam/S19/S19_E0I130D0.arff,128,94,22,97,23,0.828125,0.9214659685863874,0.6666666666666666,0.6922446663619223,0.5958357659828434,25,9,6,88,98,8,7,15
S19,S19_E0I131D0,data/outputs_webcam/S19/S19_E0I131D0.arff,92,66,17,72,14,0.7934782608695652,0.8985507246376812,0.5806451612903226,0.6056156097478554,0.5000179555779061,16,10,4,62,70,5,8,9
S19,S19_E0I132D0,data/outputs_webcam/S19/S19_E0I132D0.arff,98,77,12,81,12,0.8571428571428571,0.9367088607594937,0.5833333333333334,0.6802116442612068,0.5251937984496124,14,7,3,74,81,5,5,7
S19,S19_E0I134D0,data/outputs_webcam/S19/S19_E0I134D0.arff,72,54,13,57,13,0.8888888888888888,0.954954954954955,0.6923076923076923,0.8095434662707596,0.6245110821382008,14,4,1,53,55,4,4,9
S19,S19_E0I135D0,data/outputs_webcam/S19/S19_E0I135D0.arff,96,73,15,77,15,0.8333333333333334,0.9333333333333333,0.6,0.701213358891692,0.5259259259259259,16,7,3,70,75,6,6,9
S19,S19_E0I136D0,data/outputs_webcam/S19/S19_E0I136D0.arff,97,74,15,75,15,0.8556701030927835,0.9395973154362416,0.6666666666666666,0.7399458438748595,0.6056910569105691,18,5,4,70,77,5,5,10
S19,S19_E0I137D0,data/outputs_webcam/S19/S19_E0I137D0.arff,104,79,16,76,19,0.8461538461538461,0.9290322580645162,0.6285714285714286,0.7238766021290691,0.5570468148678392,21,4,7,72,80,8,5,11
S19,S19_E0I138D0,data/outputs_webcam/S19/S19_E0I138D0.arff,79,58,15,60,13,0.8987341772151899,0.9491525423728814,0.7857142857142857,0.8011169571251509,0.7426439306760729,17,4,2,56,62,2,4,11
S19,S19_E0I139D0,data/outputs_webcam/S19/S19_E0I139D0.arff,92,71,13,74,11,0.8586956521739131,0.9379310344827586,0.6666666666666666,0.7110117656479699,0.6199128224989854,15,6,3,68,76,3,5,8
S19,S19_E0I140D0,data/outputs_webcam/S19/S19_E0I140D0.arff,108,76,16,83,18,0.8425925925925926,0.9433962264150944,0.7058823529411765,0.7977139181712541,0.6527533657682196,24,8,1,75,86,6,4,12
S20,S20_E0I101D0,data/outputs_webcam/S20/S20_E0I101D0.arff,141,109,14,110,22,0.8794326241134752,0.9497716894977168,0.6666666666666666,0.7753467580208208,0.6414833531833596,26,6,5,104,117,10,2,12
S20,S20_E0I103D0,data/outputs_webcam/S20/S20_E0I103D0.arff,108,84,15,96,9,0.8611111111111112,0.9333333333333333,0.5,0.6614378277661477,0.4601415057116586,12,12,0,84,90,3,9,6
S20,S20_E0I104D0,data/outputs_webcam/S20/S20_E0I104D0.arff,97,72,12,80,12,0.8350515463917526,0.9210526315789473,0.5833333333333334,0.6583116154273263,0.5245098039215687,15,10,2,70,80,5,5,7
S20,S20_E0I105D0,data/outputs_webcam/S20/S20_E0I105D0.arff,111,71,15,79,14,0.7477477477477478,0.84,0.3448275862068966,0.5165214782670153,0.24671068780192634,24,16,8,63,87,9,10,5
S20,S20_E0I106D0,data/outputs_webcam/S20/S20_E0I106D0.arff,80,65,7,66,11,0.925,0.9770992366412213,0.7777777777777778,0.8744596987167359,0.775560697827671,13,2,1,64,69,4,0,7
S20,S20_E0I107D0,data/outputs_webcam/S20/S20_E0I107D0.arff,111,77,21,89,17,0.8378378378378378,0.927710843373494,0.6842105263157895,0.7482078168602888,0.6249000158418575,22,12,0,77,86,4,8,13
S20,S20_E0I108D0,data/outputs_webcam/S20/S20_E0I108D0.arff,119,95,14,98,14,0.9243697478991597,0.9637305699481865,0.8571428571428571,0.8111135429862492,0.8380952380952381,19,5,2,93,103,2,2,12
S20,S20_E0I109D0,data/outputs_webcam/S20/S20_E0I109D0.arff,135,105,15,106,19,0.8962962962962963,0.9478672985781991,0.8235294117647058,0.7616249060029486,0.8058106243097405,24,6,5,100,115,5,1,14
S20,S20_E0I110D0,data/outputs_webcam/S20/S20_E0I110D0.arff,156,108,14,111,28,0.7435897435897436,0.8584474885844748,0.5714285714285714,0.5258790459727555,0.554459111731741,31,17,14,94,126,16,2,12
S20,S20_E0I111D0,data/outputs_webcam/S20/S20_E0I111D0.arff,130,75,26,97,20,0.5615384615384615,0.7441860465116279,0.30434782608695654,0.28758185248478324,0.15990053726670783,22,33,11,64,91,13,19,7
S20,S20_E0I112D0,data/outputs_webcam/S20/S20_E0I112D0.arff,82,60,15,65,10,0.9024390243902439,0.96,0.8,0.8445630309732444,0.787635937708768,17,5,0,60,67,0,5,10
S20,S20_E0I113D0,data/outputs_webcam/S20/S20_E0I113D0.arff,161,107,21,113,28,0.7763975155279503,0.8818181818181818,0.5714285714285714,0.6298450184216912,0.5034965460952285,38,16,10,97,126,14,7,14
S20,S20_E0I114D0,data/outputs_webcam/S20/S20_E0I114D0.arff,113,81,16,89,17,0.8672566371681416,0.9294117647058824,0.7878787878787878,0.7301381426528442,0.7521218658008602,22,10,2,79,93,4,3,13
S20,S20_E0I115D0,data/outputs_webcam/S20/S20_E0I115D0.arff,120,87,14,91,17,0.8,0.8876404494382022,0.5161290322580645,0.5678356913561522,0.4478959898147806,21,12,8,79,97,9,6,8
S20,S20_E0I116D0,data/outputs_webcam/S20/S20_E0I116D0.arff,99,65,21,77,16,0.7777777777777778,0.8732394366197183,0.6486486486486487,0.5855676421026855,0.5776750472493029,19,15,3,62,74,4,9,12
S20,S20_E0I117D0,data/outputs_webcam/S20/S20_E0I117D0.arff,178,136,14,130,30,0.848314606741573,0.9323308270676691,0.5454545454545454,0.7356579578163437,0.5374522143942863,36,6,12,124,146,18,2,12
S20,S20_E0I118D0,data/outputs_webcam/S20/S20_E0I118D0.arff,94,64,10,66,17,0.8085106382978723,0.9076923076923077,0.5185185185185185,0.7018266532088969,0.46538282942725306,23,7,5,59,74,10,3,7
S20,S20_E0I119D0,data/outputs_webcam/S20/S20_E0I119D0.arff,91,67,12,70,13,0.8571428571428571,0.9197080291970803,0.72,0.6783949695126233,0.6762236915493706,17,7,4,63,75,4,3,9
S20,S20_E0I120D0,data/outputs_webcam/S20/S20_E0I120D0.arff,139,110,16,111,21,0.8273381294964028,0.9140271493212669,0.5405405405405406,0.5808685443855104,0.47728459022255476,19,10,9,101,112,11,6,10
S20,S20_E0I121D0,data/outputs_webcam/S20/S20_E0I121D0.arff,112,75,11,89,13,0.7232142857142857,0.8536585365853658,0.4166666666666667,0.48880485439644433,0.3487303551266479,18,19,5,70,93,8,6,5
S20,S20_E0I122D0,data/outputs_webcam/S20/S20_E0I122D0.arff,174,132,17,136,20,0.8505747126436781,0.917910447761194,0.6486486486486487,0.644534593474763,0.6096657294809524,29,13,9,123,149,8,5,12
S20,S20_E0I123D0,data/outputs_webcam/S20/S20_E0I123D0.arff,90,68,14,72,12,0.8888888888888888,0.9428571428571428,0.7692307692307693,0.7497771504927778,0.7335037571219197,16,6,2,66,74,2,4,10
S20,S20_E0I124D0,data/outputs_webcam/S20/S20_E0I124D0.arff,121,88,11,91,15,0.8429752066115702,0.9162011173184358,0.5384615384615384,0.6797704848608184,0.49169198314524937,24,9,6,82,102,8,4,7
S20,S20_E0I125D0,data/outputs_webcam/S20/S20_E0I125D0.arff,94,67,12,68,17,0.8723404255319149,0.9481481481481482,0.6896551724137931,0.816380160457596,0.6485006890143906,23,4,3,64,75,7,2,10
S20,S20_E0I126D0,data/outputs_webcam/S20/S20_E0I126D0.arff,92,64,11,64,14,0.8043478260869565,0.890625,0.56,0.640625,0.4967591883540109,21,7,7,57,74,7,4,7
S20,S20_E0I127D0,data/outputs_webcam/S20/S20_E0I127D0.arff,111,77,11,79,21,0.8288288288288288,0.9487179487179487,0.5,0.8283427849603723,0.45565708227062224,29,5,3,74,87,13,3,8
S20,S20_E0I128D0,data/outputs_webcam/S20/S20_E0I128D0.arff,90,0,0,0,0,0.9111111111111111,0.0,0.0,0.0,0.0,90,0,0,0,90,0,0,0
S20,S20_E0I129D0,data/outputs_webcam/S20/S20_E0I129D0.arff,126,94,14,92,19,0.8492063492063492,0.9247311827956989,0.6666666666666666,0.7133046078419732,0.6273014684478057,26,6,8,86,104,8,3,11
S20,S20_E0I130D0,data/outputs_webcam/S20/S20_E0I130D0.arff,88,61,13,67,15,0.875,0.9375,0.7857142857142857,0.7836941327541226,0.7481180384547759,20,7,1,60,71,4,2,11
S20,S20_E0I131D0,data/outputs_webcam/S20/S20_E0I131D0.arff,118,85,9,86,16,0.6864406779661016,0.8187134502923976,0.08,0.3419266550249825,-0.020548435763054297,17,16,15,70,94,15,8,1
S20,S20_E0I132D0,data/outputs_webcam/S20/S20_E0I132D0.arff,176,137,12,130,26,0.8352272727272727,0.9288389513108615,0.47368421052631576,0.7101239973112419,0.4591369667336626,33,6,13,124,147,17,3,9
S20,S20_E0I133D0,data/outputs_webcam/S20/S20_E0I133D0.arff,127,101,10,106,15,0.9133858267716536,0.966183574879227,0.8,0.8247364956920923,0.7988595860203708,20,6,1,100,112,5,0,10
S20,S20_E0I134D0,data/outputs_webcam/S20/S20_E0I134D0.arff,93,57,12,63,15,0.7419354838709677,0.85,0.4444444444444444,0.5849690635808873,0.3544587784792833,24,12,6,51,72,9,6,6
S20,S20_E0I135D0,data/outputs_webcam/S20/S20_E0I135D0.arff,154,126,15,128,19,0.8766233766233766,0.9448818897637795,0.6470588235294118,0.6864064729836441,0.6092762912014541,20,8,6,120,131,8,4,11
S20,S20_E0I136D0,data/outputs_webcam/S20/S20_E0I136D0.arff,99,61,18,65,15,0.6464646464646465,0.7619047619047619,0.36363636363636365,0.34771376195321957,0.23904572186687872,21,17,13,48,72,9,12,6
S20,S20_E0I137D0,data/outputs_webcam/S20/S20_E0I137D0.arff,116,87,8,90,15,0.8362068965517241,0.9265536723163842,0.43478260869565216,0.6922443782381185,0.40206349547593645,21,8,5,82,98,10,3,5
S20,S20_E0I138D0,data/outputs_webcam/S20/S20_E0I138D0.arff,176,125,19,131,26,0.8295454545454546,0.9140625,0.5777777777777777,0.6878941272148026,0.525973069777095,37,14,8,117,144,13,6,13
S20,S20_E0I139D0,data/outputs_webcam/S20/S20_E0I139D0.arff,79,54,14,63,12,0.810126582278481,0.905982905982906,0.6923076923076923,0.6729340540013453,0.6348207430122065,15,10,1,53,62,3,5,9
S20,S20_E0I140D0,data/outputs_webcam/S20/S20_E0I140D0.arff,185,137,16,143,32,0.7513513513513513,0.8857142857142857,0.4583333333333333,0.532894921398717,0.4185774762372451,29,19,13,124,148,21,5,11
